brand,series_auto,age,price_at_ref_mileage,hedonic_pct_per_year,yoy_pct_next
AUDI,A4,5,1709226.5,,-4.3356966227293015
AUDI,A4,27,1635119.625,,
AUDI,A5,5,1974971.375,,-1.2963036075234413
AUDI,A5,6,1949369.75,,
AUDI,TT,1,1729405.25,,2.883867174386978
AUDI,TT,2,1779279.0,,-7.904353737831116
AUDI,TT,3,1638638.5,,23.02154302597046
AUDI,TT,9,2015878.375,,
BMW,1 SERIES,8,1514915.375,,-8.243876695632935
BMW,1 SERIES,10,1390027.625,,
BMW,3 SERIES,1,1669438.75,,-1.005360297858715
BMW,3 SERIES,2,1652654.875,,-11.242721229791641
BMW,3 SERIES,3,1466851.5,,-1.8084567040205002
BMW,3 SERIES,4,1440324.125,,1.063258945941925
BMW,3 SERIES,5,1455638.5,,-36.8903785943985
BMW,3 SERIES,6,918647.9375,,-10.954277962446213
BMW,3 SERIES,8,818016.6875,,-11.639531701803207
BMW,3 SERIES,10,722803.375,,-0.7580208126455545
BMW,3 SERIES,11,717324.375,,-13.028694689273834
BMW,3 SERIES,13,623866.375,,-26.68580412864685
BMW,3 SERIES,34,457382.625,,
BMW,4 SERIES,1,2786723.0,,-39.06101882457733
BMW,4 SERIES,9,1698200.625,,-2.0335201174020767
BMW,4 SERIES,10,1663667.375,,-3.033163398504257
BMW,4 SERIES,11,1613205.625,,
BMW,5 SERIES,1,2100526.75,,-24.70841556787491
BMW,5 SERIES,4,1581519.875,,-12.364751100540161
BMW,5 SERIES,5,1385968.875,,-25.684261322021484
BMW,5 SERIES,6,1029993.0,,-2.3249611258506775
BMW,5 SERIES,7,1006046.0625,,-13.152486085891724
BMW,5 SERIES,10,873726.0,,-9.144285321235657
BMW,5 SERIES,12,793830.0,,19.917725026607513
BMW,5 SERIES,13,951942.875,,-24.763940274715424
BMW,5 SERIES,24,716204.3125,,
BMW,7 SERIES,1,3193085.5,,0.41166297160089016
BMW,7 SERIES,3,3206230.25,,-53.05823087692261
BMW,7 SERIES,8,1505061.25,,11.698203533887863
BMW,7 SERIES,9,1681126.375,,
BMW,X1,3,1145217.75,,4.837322607636452
BMW,X1,4,1200615.625,,-15.215210616588593
BMW,X1,5,1017939.4375,,-24.515965580940247
BMW,X1,6,768381.75,,-6.170394644141197
BMW,X1,7,720969.5625,,-11.070101708173752
BMW,X1,9,641157.5,,-19.74949538707733
BMW,X1,10,514532.125,,-9.752950072288513
BMW,X1,11,464350.0625,,11.222399771213531
BMW,X1,13,516461.28125,,
BMW,X3,3,2126488.75,,1.0649598203599453
BMW,X3,5,2149135.0,,-20.228993892669678
BMW,X3,6,1714386.625,,-11.61322072148323
BMW,X3,13,1515291.125,,-15.747559070587158
BMW,X3,19,1276669.75,,
BMW,X5,1,2467988.5,,-2.4442678317427635
BMW,X5,2,2407664.25,,-5.999154597520828
BMW,X5,3,2263224.75,,-2.2419890388846397
BMW,X5,4,2212483.5,,-8.316169679164886
BMW,X5,5,2028489.625,,-38.192880153656006
BMW,X5,7,1253751.0,,-9.14931446313858
BMW,X5,8,1139041.375,,-8.458417654037476
BMW,X5,10,1042696.5,,-3.3865198493003845
BMW,X5,15,1007385.375,,
BMW,X6,3,2074765.25,,-29.902949929237366
BMW,X6,12,1454349.25,,2.6950541883707047
BMW,X6,13,1493544.75,,
BMW,X7,1,3717859.75,,2.8647933155298233
BMW,X7,2,3824368.75,,
BMW,Z4,2,2169121.25,,-33.05526375770569
BMW,Z4,15,1452112.5,,-0.8843581192195415
BMW,Z4,16,1439270.625,,
CHEVROLET,AVEO,12,380235.96875,,4.196407273411751
CHEVROLET,AVEO,13,396192.21875,,2.34114583581686
CHEVROLET,AVEO,14,405467.65625,,0.0
CHEVROLET,AVEO,15,405467.65625,,0.0
CHEVROLET,AVEO,16,405467.65625,,-2.8097186237573624
CHEVROLET,AVEO,17,394075.15625,,0.27892838697880507
CHEVROLET,AVEO,18,395174.34375,,
CHEVROLET,CAPTIVA,5,397609.6875,,-0.4096196498721838
CHEVROLET,CAPTIVA,6,395981.0,,-14.726337790489197
CHEVROLET,CAPTIVA,7,337667.5,,-19.487929344177246
CHEVROLET,CAPTIVA,8,271863.09375,,-29.21673357486725
CHEVROLET,CAPTIVA,9,192433.578125,,-12.065397202968597
CHEVROLET,CAPTIVA,10,169215.703125,,-4.3076492846012115
CHEVROLET,CAPTIVA,11,161926.484375,,0.0
CHEVROLET,CAPTIVA,12,161926.484375,,3.909943625330925
CHEVROLET,CAPTIVA,13,168257.71875,,-22.590897977352142
CHEVROLET,CAPTIVA,14,130246.7890625,,-1.0935970582067966
CHEVROLET,CAPTIVA,15,128822.4140625,,
CHEVROLET,COLORADO,5,439214.3125,,19.004546105861664
CHEVROLET,COLORADO,6,522685.0,,-5.868813022971153
CHEVROLET,COLORADO,7,492009.59375,,-4.5717984437942505
CHEVROLET,COLORADO,8,469515.90625,,-3.0292371287941933
CHEVROLET,COLORADO,9,455293.15625,,-23.834650218486786
CHEVROLET,COLORADO,10,346775.625,,-25.02409815788269
CHEVROLET,COLORADO,11,259998.15625,,138.32587003707886
CHEVROLET,COLORADO,12,619642.875,,2.228703163564205
CHEVROLET,COLORADO,13,633452.875,,-0.20784891676157713
CHEVROLET,COLORADO,14,632136.25,,-2.1844282746315002
CHEVROLET,COLORADO,15,618327.6875,,
CHEVROLET,CRUZE,8,271863.09375,,-29.21673357486725
CHEVROLET,CRUZE,9,192433.578125,,-12.065397202968597
CHEVROLET,CRUZE,10,169215.703125,,-4.3076492846012115
CHEVROLET,CRUZE,11,161926.484375,,0.0
CHEVROLET,CRUZE,12,161926.484375,,3.909943625330925
CHEVROLET,CRUZE,13,168257.71875,,-22.590897977352142
CHEVROLET,CRUZE,14,130246.7890625,,-1.0935970582067966
CHEVROLET,CRUZE,15,128822.4140625,,
CHEVROLET,OPTRA,15,78581.8359375,,-11.264331638813019
CHEVROLET,OPTRA,16,69730.1171875,,-20.279772579669952
CHEVROLET,OPTRA,17,55589.0078125,,-11.707793176174164
CHEVROLET,OPTRA,18,49080.76171875,,
CHEVROLET,SONIC,10,270988.4375,,-43.16209256649017
CHEVROLET,SONIC,11,154024.15625,,239.44106101989746
CHEVROLET,SONIC,12,522821.21875,,4.50868159532547
CHEVROLET,SONIC,13,546393.5625,,
CHEVROLET,SPIN,10,1148349.75,,0.0
CHEVROLET,SPIN,11,1148349.75,,0.0
CHEVROLET,SPIN,12,1148349.75,,
CHEVROLET,TRAILBLAZER,5,397277.875,,-1.6733957454562187
CHEVROLET,TRAILBLAZER,6,390629.84375,,-16.020281612873077
CHEVROLET,TRAILBLAZER,7,328049.84375,,-17.282938957214355
CHEVROLET,TRAILBLAZER,8,271353.1875,,-30.01232147216797
CHEVROLET,TRAILBLAZER,9,189913.796875,,-10.898678004741669
CHEVROLET,TRAILBLAZER,10,169215.703125,,-4.254850372672081
CHEVROLET,TRAILBLAZER,11,162015.828125,,-14.301572740077972
CHEVROLET,TRAILBLAZER,12,138845.015625,,26.85341238975525
CHEVROLET,TRAILBLAZER,13,176129.640625,,
FERRARI,430,17,1238873.75,,0.08870960446074605
FERRARI,430,18,1239972.75,,
FERRARI,458,10,1233218.875,,0.0
FERRARI,458,11,1233218.875,,0.0
FERRARI,458,12,1233218.875,,1.2938497588038445
FERRARI,458,13,1249174.875,,0.7425201591104269
FERRARI,458,14,1258450.25,,0.0
FERRARI,458,15,1258450.25,,
FERRARI,488,5,1236415.375,,0.027175332070328295
FERRARI,488,6,1236751.375,,-0.2006769645959139
FERRARI,488,7,1234269.5,,0.7191500626504421
FERRARI,488,8,1243145.75,,0.0
FERRARI,488,9,1243145.75,,-0.798528641462326
FERRARI,488,10,1233218.875,,
FERRARI,812 GTS,3,1232378.375,,-0.31684667337685823
FERRARI,812 GTS,4,1228473.625,,0.6464729551225901
FERRARI,812 GTS,5,1236415.375,,
FERRARI,812 SUPERFAST,3,1232378.375,,-0.31684667337685823
FERRARI,812 SUPERFAST,4,1228473.625,,0.6464729551225901
FERRARI,812 SUPERFAST,5,1236415.375,,0.027175332070328295
FERRARI,812 SUPERFAST,6,1236751.375,,-0.2006769645959139
FERRARI,812 SUPERFAST,7,1234269.5,,0.7191500626504421
FERRARI,812 SUPERFAST,8,1243145.75,,
FERRARI,CALIFORNIA,7,447178.0625,,0.4276121035218239
FERRARI,CALIFORNIA,8,449090.25,,0.0
FERRARI,CALIFORNIA,9,449090.25,,0.0
FERRARI,CALIFORNIA,10,449090.25,,0.0
FERRARI,CALIFORNIA,11,449090.25,,0.0
FERRARI,CALIFORNIA,12,449090.25,,3.553016483783722
FERRARI,CALIFORNIA,13,465046.5,,1.9945183768868446
FERRARI,CALIFORNIA,14,474321.9375,,0.0
FERRARI,CALIFORNIA,15,474321.9375,,
FERRARI,F12 BERLINETTA,7,1234269.5,,0.7191500626504421
FERRARI,F12 BERLINETTA,8,1243145.75,,0.0
FERRARI,F12 BERLINETTA,9,1243145.75,,-0.798528641462326
FERRARI,F12 BERLINETTA,10,1233218.875,,0.0
FERRARI,F12 BERLINETTA,11,1233218.875,,0.0
FERRARI,F12 BERLINETTA,12,1233218.875,,
FERRARI,F599 FIORANO,10,1233218.875,,0.0
FERRARI,F599 FIORANO,11,1233218.875,,0.0
FERRARI,F599 FIORANO,12,1233218.875,,1.2938497588038445
FERRARI,F599 FIORANO,13,1249174.875,,0.7425201591104269
FERRARI,F599 FIORANO,14,1258450.25,,0.0
FERRARI,F599 FIORANO,15,1258450.25,,
FERRARI,F8,3,1232378.375,,-0.31684667337685823
FERRARI,F8,4,1228473.625,,0.6464729551225901
FERRARI,F8,5,1236415.375,,
FERRARI,FF,10,1233218.875,,0.0
FERRARI,FF,11,1233218.875,,0.0
FERRARI,FF,12,1233218.875,,1.2938497588038445
FERRARI,FF,13,1249174.875,,0.7425201591104269
FERRARI,FF,14,1258450.25,,
FERRARI,PORTOFINO,5,1236415.375,,0.027175332070328295
FERRARI,PORTOFINO,6,1236751.375,,-0.2006769645959139
FERRARI,PORTOFINO,7,1234269.5,,
FERRARI,ROMA,3,1232378.375,,-0.31684667337685823
FERRARI,ROMA,4,1228473.625,,0.6464729551225901
FERRARI,ROMA,5,1236415.375,,
FERRARI,SF90 STRADALE,3,1232378.375,,-0.31684667337685823
FERRARI,SF90 STRADALE,4,1228473.625,,0.6464729551225901
FERRARI,SF90 STRADALE,5,1236415.375,,
FORD,ECOSPORT,7,383746.0625,,-16.310127079486847
FORD,ECOSPORT,8,321156.59375,,-23.713281750679016
FORD,ECOSPORT,9,244999.828125,,-10.812539607286453
FORD,ECOSPORT,10,218509.125,,-4.774228483438492
FORD,ECOSPORT,11,208077.0,,0.0
FORD,ECOSPORT,12,208077.0,,
FORD,ESCAPE,10,439201.21875,,0.0
FORD,ESCAPE,11,439201.21875,,0.0
FORD,ESCAPE,12,439201.21875,,3.633015975356102
FORD,ESCAPE,13,455157.46875,,2.037852443754673
FORD,ESCAPE,14,464432.90625,,0.0
FORD,ESCAPE,15,464432.90625,,0.0
FORD,ESCAPE,16,464432.90625,,-3.2015524804592133
FORD,ESCAPE,17,449563.84375,,0.24448696058243513
FORD,ESCAPE,18,450662.96875,,
FORD,EVEREST,1,699664.8125,,-8.09594839811325
FORD,EVEREST,2,643020.3125,,23.49514663219452
FORD,EVEREST,3,794098.875,,-22.23191410303116
FORD,EVEREST,4,617555.5,,-9.34271290898323
FORD,EVEREST,5,559859.0625,,0.37252679467201233
FORD,EVEREST,6,561944.6875,,-14.760026335716248
FORD,EVEREST,7,479001.5,,-7.978001981973648
FORD,EVEREST,8,440786.75,,-23.70341867208481
FORD,EVEREST,9,336305.21875,,-7.780506461858749
FORD,EVEREST,10,310138.96875,,-0.02880764950532466
FORD,EVEREST,11,310049.625,,-4.9448031932115555
FORD,EVEREST,12,294718.28125,,10.874081403017044
FORD,EVEREST,13,326766.1875,,
FORD,FIESTA,8,400335.8125,,-0.5287904292345047
FORD,FIESTA,9,398218.875,,-23.623095452785492
FORD,FIESTA,10,304147.25,,0.4395280499011278
FORD,FIESTA,11,305484.0625,,-14.07526433467865
FORD,FIESTA,12,262486.375,,25.51725208759308
FORD,FIESTA,13,329465.6875,,19.80716437101364
FORD,FIESTA,14,394723.5,,-16.65651649236679
FORD,FIESTA,15,328976.3125,,
FORD,FOCUS,7,296447.84375,,2.0428551360964775
FORD,FOCUS,8,302503.84375,,-42.26103723049164
FORD,FOCUS,9,174662.578125,,-14.693249762058258
FORD,FOCUS,10,148998.96875,,0.0
FORD,FOCUS,11,148998.96875,,-9.714863449335098
FORD,FOCUS,12,134523.921875,,21.565529704093933
FORD,FOCUS,13,163534.71875,,-32.51814842224121
FORD,FOCUS,14,110356.2578125,,-2.262388728559017
FORD,FOCUS,15,107859.5703125,,-25.947678089141846
FORD,FOCUS,16,79872.515625,,-14.996446669101715
FORD,FOCUS,17,67894.4765625,,
FORD,MUSTANG,3,1520044.75,,2.8156161308288574
FORD,MUSTANG,4,1562843.375,,4.301030933856964
FORD,MUSTANG,5,1630061.75,,2.8648607432842255
FORD,MUSTANG,6,1676760.75,,0.6669257767498493
FORD,MUSTANG,7,1687943.5,,-0.7323334459215403
FORD,MUSTANG,8,1675582.125,,-7.453245669603348
FORD,MUSTANG,9,1550696.875,,
FORD,RANGER,1,370961.28125,,14.927518367767334
FORD,RANGER,2,426336.59375,,6.151286885142326
FORD,RANGER,3,452561.78125,,-5.639582127332687
FORD,RANGER,4,427039.1875,,7.299564033746719
FORD,RANGER,5,458211.1875,,-5.928734689950943
FORD,RANGER,6,431045.0625,,-18.877652287483215
FORD,RANGER,7,349673.875,,-18.29918473958969
FORD,RANGER,8,285686.40625,,23.312877118587494
FORD,RANGER,9,352288.125,,-30.846479535102844
FORD,RANGER,10,243619.640625,,7.063098251819611
FORD,RANGER,11,260826.734375,,-3.7190936505794525
FORD,RANGER,12,251126.34375,,3.239535912871361
FORD,RANGER,13,259261.671875,,-62.116539478302
FORD,RANGER,19,98217.3046875,,
FORD,TERRITORY,10,1223329.75,,0.0
FORD,TERRITORY,11,1223329.75,,0.0
FORD,TERRITORY,12,1223329.75,,1.3043089769780636
FORD,TERRITORY,13,1239285.75,,-0.7425345480442047
FORD,TERRITORY,18,1230083.625,,
HAVAL,H6,3,1630496.0,,2.7567148208618164
HAVAL,H6,4,1675444.125,,
HAVAL,JOLION,3,1758357.125,,3.126796707510948
HAVAL,JOLION,4,1813337.375,,
HONDA,ACCORD,3,640471.9375,,-5.25704137980938
HONDA,ACCORD,4,606802.0625,,-7.338976860046387
HONDA,ACCORD,5,562269.0,,-4.604401811957359
HONDA,ACCORD,6,536379.875,,-19.51482445001602
HONDA,ACCORD,7,431706.28125,,-4.646482318639755
HONDA,ACCORD,8,411647.125,,-21.748261153697968
HONDA,ACCORD,9,322121.03125,,-15.662270784378052
HONDA,ACCORD,10,271669.5625,,-2.4534055963158607
HONDA,ACCORD,11,265004.40625,,-10.583356022834778
HONDA,ACCORD,12,236958.046875,,15.900170803070068
HONDA,ACCORD,13,274634.78125,,-36.23842895030975
HONDA,ACCORD,17,175111.453125,,-53.8371205329895
HONDA,ACCORD,19,80836.4921875,,
HONDA,BR-V,3,457382.625,,-11.335892975330353
HONDA,BR-V,4,405534.21875,,0.4203174728900194
HONDA,BR-V,5,407238.75,,-6.40193372964859
HONDA,BR-V,6,381167.59375,,-6.240750476717949
HONDA,BR-V,7,357379.875,,-8.019398897886276
HONDA,BR-V,8,328720.15625,,-22.932228446006775
HONDA,BR-V,9,253337.296875,,
HONDA,BRV,6,979143.5,,-8.317460864782333
HONDA,BRV,8,897703.625,,
HONDA,CITY,0,205585.515625,,-13.907504081726074
HONDA,CITY,1,176993.703125,,30.74786365032196
HONDA,CITY,2,231415.484375,,48.338618874549866
HONDA,CITY,3,343278.53125,,-3.0615171417593956
HONDA,CITY,4,332769.0,,-11.113602668046951
HONDA,CITY,5,295786.375,,-4.092089831829071
HONDA,CITY,6,283682.53125,,-8.411041647195816
HONDA,CITY,7,259821.875,,9.31764543056488
HONDA,CITY,8,284031.15625,,-9.309574961662292
HONDA,CITY,9,257589.0625,,-24.08197373151779
HONDA,CITY,10,195556.53125,,-15.86216539144516
HONDA,CITY,11,164537.03125,,-26.732611656188965
HONDA,CITY,12,120551.984375,,6.2776729464530945
HONDA,CITY,13,128119.84375,,-20.279841125011444
HONDA,CITY,15,102137.34375,,-24.494101107120514
HONDA,CITY,20,77119.71875,,
HONDA,CIVIC,1,449971.15625,,-5.038128420710564
HONDA,CIVIC,2,427301.03125,,34.286534786224365
HONDA,CIVIC,3,573807.75,,-13.283292949199677
HONDA,CIVIC,4,497587.1875,,-4.221119359135628
HONDA,CIVIC,5,476583.4375,,-1.4963342808187008
HONDA,CIVIC,6,469452.15625,,-13.838836550712585
HONDA,CIVIC,7,404485.4375,,-22.824592888355255
HONDA,CIVIC,8,312163.28125,,-17.27690100669861
HONDA,CIVIC,9,258231.140625,,-8.333159238100052
HONDA,CIVIC,10,236712.328125,,-3.0416468158364296
HONDA,CIVIC,11,229512.375,,-0.038927639252506196
HONDA,CIVIC,12,229423.03125,,6.190808489918709
HONDA,CIVIC,13,243626.171875,,-20.03416419029236
HONDA,CIVIC,15,194817.703125,,-46.0576593875885
HONDA,CIVIC,16,105089.2265625,,-13.422700762748718
HONDA,CIVIC,18,90983.4140625,,
HONDA,CR-V,1,636747.0625,,-12.68937885761261
HONDA,CR-V,2,555947.8125,,3.584621474146843
HONDA,CR-V,3,575876.4375,,-3.62032949924469
HONDA,CR-V,4,555027.8125,,3.6573056131601334
HONDA,CR-V,5,575326.875,,-12.40617036819458
HONDA,CR-V,6,503950.84375,,-11.848272383213043
HONDA,CR-V,7,444241.375,,0.37534493021667004
HONDA,CR-V,8,445908.8125,,4.114104807376862
HONDA,CR-V,9,464253.96875,,-23.271475732326508
HONDA,CR-V,10,356215.21875,,-1.6777252778410912
HONDA,CR-V,11,350238.90625,,-6.5592460334300995
HONDA,CR-V,12,327265.875,,0.8277004584670067
HONDA,CR-V,13,329974.65625,,-38.32325041294098
HONDA,CR-V,15,203517.640625,,
HONDA,CRV,1,609591.875,,-7.049982994794846
HONDA,CRV,2,566615.75,,10.01552864909172
HONDA,CRV,3,623365.3125,,-15.954329073429108
HONDA,CRV,5,523911.5625,,-0.6099908147007227
HONDA,CRV,6,520715.75,,-10.896330326795578
HONDA,CRV,7,463976.84375,,-39.962878823280334
HONDA,CRV,10,278558.34375,,-7.579970359802246
HONDA,CRV,12,257443.703125,,-12.186826765537262
HONDA,CRV,15,226069.484375,,-46.75607085227966
HONDA,CRV,18,120368.2734375,,-25.319749116897583
HONDA,CRV,22,89891.328125,,-10.382388532161713
HONDA,CRV,23,80558.4609375,,
HONDA,FREED,9,276418.6875,,-14.748091995716095
HONDA,FREED,10,235652.203125,,-18.407344818115234
HONDA,FREED,11,192274.890625,,-26.48893892765045
HONDA,FREED,12,141343.3125,,16.15709215402603
HONDA,FREED,13,164180.28125,,-9.797147661447525
HONDA,FREED,14,148095.296875,,-9.627795964479446
HONDA,FREED,15,133836.984375,,-6.680544465780258
HONDA,FREED,16,124895.9453125,,
HONDA,HR-V,0,449097.65625,,9.414023160934448
HONDA,HR-V,2,491375.8125,,4.055653512477875
HONDA,HR-V,3,511304.3125,,-6.4052000641822815
HONDA,HR-V,4,478554.25,,6.4935363829135895
HONDA,HR-V,5,509629.34375,,-9.303808212280273
HONDA,HR-V,6,462214.40625,,-9.75465178489685
HONDA,HR-V,7,417127.0,,-3.833724558353424
HONDA,HR-V,8,401135.5,,5.00117801129818
HONDA,HR-V,9,421197.0,,-25.6504088640213
HONDA,HR-V,10,313158.25,,5.494705960154533
HONDA,HR-V,11,330365.375,,
HONDA,HRV,2,1125384.75,,-4.074006527662277
HONDA,HRV,6,1079536.5,,-1.0894490405917168
HONDA,HRV,7,1067775.5,,-1.6477245837450027
HONDA,HRV,8,1050181.5,,-7.653564214706421
HONDA,HRV,9,969805.1875,,-7.837244123220444
HONDA,HRV,10,893799.1875,,
HONDA,JAZZ,3,479660.625,,-1.9499203190207481
HONDA,JAZZ,4,470307.625,,-3.565824404358864
HONDA,JAZZ,5,453537.28125,,-5.665293708443642
HONDA,JAZZ,6,427843.0625,,-18.84826570749283
HONDA,JAZZ,7,347202.0625,,-1.1469095945358276
HONDA,JAZZ,8,343219.96875,,-20.324137806892395
HONDA,JAZZ,9,273463.46875,,-19.051288068294525
HONDA,JAZZ,10,221365.15625,,-8.088071644306183
HONDA,JAZZ,11,203460.984375,,-4.268670082092285
HONDA,JAZZ,12,194775.90625,,19.698478281497955
HONDA,JAZZ,13,233143.796875,,-45.36811113357544
HONDA,JAZZ,15,127370.859375,,-10.764548927545547
HONDA,JAZZ,16,113659.9609375,,-15.104091167449951
HONDA,JAZZ,18,96492.65625,,-23.019935190677643
HONDA,JAZZ,19,74280.109375,,
HONDA,MOBILIO,3,486739.1875,,-2.4291500449180603
HONDA,MOBILIO,4,474915.5625,,0.0
HONDA,MOBILIO,5,474915.5625,,-1.8816765397787094
HONDA,MOBILIO,6,465979.1875,,-4.3261319398880005
HONDA,MOBILIO,7,445820.3125,,0.4289284348487854
HONDA,MOBILIO,8,447732.5625,,0.0
HONDA,MOBILIO,9,447732.5625,,0.0
HONDA,MOBILIO,10,447732.5625,,0.0
HONDA,MOBILIO,11,447732.5625,,
HONDA,ODYSSEY,9,447732.5625,,0.0
HONDA,ODYSSEY,10,447732.5625,,0.0
HONDA,ODYSSEY,11,447732.5625,,0.0
HONDA,ODYSSEY,12,447732.5625,,3.5637903958559036
HONDA,ODYSSEY,13,463688.8125,,-0.9692923165857792
HONDA,ODYSSEY,18,459194.3125,,
HONDA,WR-V,9,447732.5625,,0.0
HONDA,WR-V,10,447732.5625,,0.0
HONDA,WR-V,11,447732.5625,,0.0
HONDA,WR-V,12,447732.5625,,3.5637903958559036
HONDA,WR-V,13,463688.8125,,-0.9692923165857792
HONDA,WR-V,18,459194.3125,,
HYUNDAI,COUPE,15,1328240.625,,0.0
HYUNDAI,COUPE,16,1328240.625,,-1.4738669618964195
HYUNDAI,COUPE,17,1308664.125,,0.0839787651784718
HYUNDAI,COUPE,18,1309763.125,,
HYUNDAI,CRETA,0,1348569.25,,24.093645811080933
HYUNDAI,CRETA,3,1673488.75,,
HYUNDAI,ELANTRA,8,402789.9375,,-33.83572697639465
HYUNDAI,ELANTRA,9,266503.03125,,-6.476297974586487
HYUNDAI,ELANTRA,10,249243.5,,-2.9245246201753616
HYUNDAI,ELANTRA,11,241954.3125,,0.0
HYUNDAI,ELANTRA,12,241954.3125,,13.653287291526794
HYUNDAI,ELANTRA,13,274989.03125,,
HYUNDAI,GRAND STAREX,4,793050.9375,,-10.899323225021362
HYUNDAI,GRAND STAREX,5,706613.75,,-6.671085953712463
HYUNDAI,GRAND STAREX,6,659474.9375,,-10.617253184318542
HYUNDAI,GRAND STAREX,7,589456.8125,,-2.66746636480093
HYUNDAI,GRAND STAREX,8,573733.25,,-18.11259239912033
HYUNDAI,GRAND STAREX,9,469815.28125,,-21.265599131584167
HYUNDAI,GRAND STAREX,10,369906.25,,-0.19111260771751404
HYUNDAI,GRAND STAREX,11,369199.3125,,-0.026459284708835185
HYUNDAI,GRAND STAREX,12,369101.625,,
HYUNDAI,H-1,3,721730.375,,1.9993962720036507
HYUNDAI,H-1,4,736160.625,,-3.7758488208055496
HYUNDAI,H-1,5,708364.3125,,-9.151443839073181
HYUNDAI,H-1,6,643538.75,,-1.090484019368887
HYUNDAI,H-1,7,636521.0625,,-3.615650162100792
HYUNDAI,H-1,8,613506.6875,,-0.8596890605986118
HYUNDAI,H-1,9,608232.4375,,-12.976936995983124
HYUNDAI,H-1,10,529302.5,,105.62227964401245
HYUNDAI,H-1,11,1088363.875,,-39.58885669708252
HYUNDAI,H-1,13,657493.0625,,6.75605982542038
HYUNDAI,H-1,14,701913.6875,,-2.07538865506649
HYUNDAI,H-1,15,687346.25,,13.714239001274109
HYUNDAI,H-1,16,781610.5625,,-6.855475902557373
HYUNDAI,H-1,17,728027.4375,,
HYUNDAI,IONIQ,4,1323504.125,,0.6000548135489225
HYUNDAI,IONIQ,5,1331445.875,,0.02523572475183755
HYUNDAI,IONIQ,6,1331781.875,,-0.1863574725575745
HYUNDAI,IONIQ,7,1329300.0,,
HYUNDAI,KONA,4,1323504.125,,0.6000548135489225
HYUNDAI,KONA,5,1331445.875,,0.02523572475183755
HYUNDAI,KONA,6,1331781.875,,
HYUNDAI,SANTA FE,17,1308664.125,,0.0839787651784718
HYUNDAI,SANTA FE,18,1309763.125,,
HYUNDAI,SONATA,12,583012.5625,,2.736840769648552
HYUNDAI,SONATA,13,598968.6875,,1.548578403890133
HYUNDAI,SONATA,14,608244.1875,,0.0
HYUNDAI,SONATA,15,608244.1875,,0.0
HYUNDAI,SONATA,16,608244.1875,,-2.444608323276043
HYUNDAI,SONATA,17,593375.0,,0.18524330807849765
HYUNDAI,SONATA,18,594474.1875,,
HYUNDAI,STARGAZER,12,583012.5625,,2.736840769648552
HYUNDAI,STARGAZER,13,598968.6875,,1.548578403890133
HYUNDAI,STARGAZER,14,608244.1875,,0.0
HYUNDAI,STARGAZER,15,608244.1875,,0.0
HYUNDAI,STARGAZER,16,608244.1875,,-2.444608323276043
HYUNDAI,STARGAZER,17,593375.0,,0.18524330807849765
HYUNDAI,STARGAZER,18,594474.1875,,
HYUNDAI,STARIA,2,1646389.125,,-1.0590145364403725
HYUNDAI,STARIA,3,1628953.625,,-7.837186008691788
HYUNDAI,STARIA,4,1501289.5,,
HYUNDAI,TUCSON,8,583012.5625,,0.0
HYUNDAI,TUCSON,9,583012.5625,,0.0
HYUNDAI,TUCSON,10,583012.5625,,0.0
HYUNDAI,TUCSON,11,583012.5625,,0.0
HYUNDAI,TUCSON,12,583012.5625,,2.736840769648552
HYUNDAI,TUCSON,13,598968.6875,,1.548578403890133
HYUNDAI,TUCSON,14,608244.1875,,0.0
HYUNDAI,TUCSON,15,608244.1875,,
HYUNDAI,VELOSTER,9,1312936.125,,-0.7560820784419775
HYUNDAI,VELOSTER,10,1303009.25,,0.0
HYUNDAI,VELOSTER,11,1303009.25,,0.0
HYUNDAI,VELOSTER,12,1303009.25,,
ISUZU,D-MAX,0,352240.84375,,-7.10022896528244
ISUZU,D-MAX,1,327230.9375,,23.03602546453476
ISUZU,D-MAX,2,402611.9375,,5.326740816235542
ISUZU,D-MAX,3,424058.03125,,-0.29877249617129564
ISUZU,D-MAX,4,422791.0625,,1.7831280827522278
ISUZU,D-MAX,5,430329.96875,,-8.5861437022686
ISUZU,D-MAX,6,393381.21875,,-8.985336124897003
ISUZU,D-MAX,7,358034.59375,,-2.8593868017196655
ISUZU,D-MAX,8,347797.0,,1.048061065375805
ISUZU,D-MAX,9,351442.125,,-19.05021220445633
ISUZU,D-MAX,10,284491.65625,,-13.347788155078888
ISUZU,D-MAX,12,246518.3125,,-36.93864643573761
ISUZU,D-MAX,15,155457.78125,,-16.252237558364868
ISUZU,D-MAX,16,130192.4140625,,7.680320739746094
ISUZU,D-MAX,19,140191.609375,,-9.439992904663086
ISUZU,D-MAX,20,126957.53125,,3.891187906265259
ISUZU,D-MAX,22,131897.6875,,
ISUZU,MU-7,12,448105.65625,,0.7787225767970085
ISUZU,MU-7,13,451595.15625,,0.0
ISUZU,MU-7,14,451595.15625,,0.0
ISUZU,MU-7,15,451595.15625,,0.0
ISUZU,MU-7,16,451595.15625,,-2.618260495364666
ISUZU,MU-7,17,439771.21875,,0.0
ISUZU,MU-7,18,439771.21875,,
ISUZU,MU-X,1,514934.5625,,11.72623485326767
ISUZU,MU-X,2,575317.0,,4.274013265967369
ISUZU,MU-X,3,599906.125,,0.11329897679388523
ISUZU,MU-X,4,600585.8125,,-5.23124672472477
ISUZU,MU-X,5,569167.6875,,-9.759250283241272
ISUZU,MU-X,6,513621.1875,,-6.717134267091751
ISUZU,MU-X,7,479120.5625,,-2.6927199214696884
ISUZU,MU-X,8,466219.1875,,-17.133331298828125
ISUZU,MU-X,9,386340.3125,,-13.6207714676857
ISUZU,MU-X,10,333717.78125,,-14.475077390670776
ISUZU,MU-X,11,285411.875,,-3.458411991596222
ISUZU,MU-X,12,275541.15625,,
KIA,CARNIVAL,3,1760454.25,,-0.5028318613767624
KIA,CARNIVAL,4,1751602.125,,-11.46107167005539
KIA,CARNIVAL,9,1550849.75,,
LAMBORGHINI,AVENTADOR,3,11460333.0,,-0.10316454572603106
LAMBORGHINI,AVENTADOR,4,11448510.0,,0.0
LAMBORGHINI,AVENTADOR,5,11448510.0,,-0.07804508786648512
LAMBORGHINI,AVENTADOR,6,11439575.0,,-0.004973961040377617
LAMBORGHINI,AVENTADOR,8,11439006.0,,0.0
LAMBORGHINI,AVENTADOR,9,11439006.0,,0.0
LAMBORGHINI,AVENTADOR,10,11439006.0,,0.0
LAMBORGHINI,AVENTADOR,11,11439006.0,,
LAMBORGHINI,GALLARDO,10,11439006.0,,0.0
LAMBORGHINI,GALLARDO,11,11439006.0,,0.0
LAMBORGHINI,GALLARDO,12,11439006.0,,0.13949638232588768
LAMBORGHINI,GALLARDO,13,11454963.0,,0.08097800309769809
LAMBORGHINI,GALLARDO,14,11464239.0,,0.0
LAMBORGHINI,GALLARDO,15,11464239.0,,0.0
LAMBORGHINI,GALLARDO,16,11464239.0,,-0.1296989736147225
LAMBORGHINI,GALLARDO,17,11449370.0,,0.009598781616659835
LAMBORGHINI,GALLARDO,18,11450469.0,,
LAMBORGHINI,HURACAN,3,11460333.0,,-0.10316454572603106
LAMBORGHINI,HURACAN,4,11448510.0,,0.0
LAMBORGHINI,HURACAN,5,11448510.0,,-0.07804508786648512
LAMBORGHINI,HURACAN,6,11439575.0,,-0.02167912753066048
LAMBORGHINI,HURACAN,7,11437095.0,,0.016708788461983204
LAMBORGHINI,HURACAN,8,11439006.0,,0.0
LAMBORGHINI,HURACAN,9,11439006.0,,0.0
LAMBORGHINI,HURACAN,10,11439006.0,,0.0
LAMBORGHINI,HURACAN,11,11439006.0,,
LAMBORGHINI,MURCIELAGO,11,11439006.0,,0.0
LAMBORGHINI,MURCIELAGO,12,11439006.0,,0.13949638232588768
LAMBORGHINI,MURCIELAGO,13,11454963.0,,0.08097800309769809
LAMBORGHINI,MURCIELAGO,14,11464239.0,,0.0
LAMBORGHINI,MURCIELAGO,15,11464239.0,,0.0
LAMBORGHINI,MURCIELAGO,16,11464239.0,,-0.1296989736147225
LAMBORGHINI,MURCIELAGO,17,11449370.0,,0.009598781616659835
LAMBORGHINI,MURCIELAGO,18,11450469.0,,
LAMBORGHINI,URUS,3,11769300.0,,-0.033171047107316554
LAMBORGHINI,URUS,4,11765396.0,,0.0
LAMBORGHINI,URUS,5,11765396.0,,0.0028643320547416806
LAMBORGHINI,URUS,6,11765733.0,,
LAND ROVER,DEFENDER,3,933801.5625,,-1.266168337315321
LAND ROVER,DEFENDER,4,921978.0625,,0.0
LAND ROVER,DEFENDER,5,921978.0625,,-2.948334813117981
LAND ROVER,DEFENDER,9,894795.0625,,0.0
LAND ROVER,DEFENDER,10,894795.0625,,0.0
LAND ROVER,DEFENDER,11,894795.0625,,0.0
LAND ROVER,DEFENDER,12,894795.0625,,1.7832156270742416
LAND ROVER,DEFENDER,13,910751.1875,,1.0184450075030327
LAND ROVER,DEFENDER,14,920026.6875,,0.0
LAND ROVER,DEFENDER,15,920026.6875,,0.0
LAND ROVER,DEFENDER,16,920026.6875,,
LAND ROVER,DISCOVERY,3,933801.5625,,-1.266168337315321
LAND ROVER,DISCOVERY,4,921978.0625,,0.0
LAND ROVER,DISCOVERY,5,921978.0625,,-0.9692611172795296
LAND ROVER,DISCOVERY,6,913041.6875,,-2.207881025969982
LAND ROVER,DISCOVERY,7,892882.8125,,0.21416584495455027
LAND ROVER,DISCOVERY,8,894795.0625,,0.0
LAND ROVER,DISCOVERY,9,894795.0625,,0.0
LAND ROVER,DISCOVERY,10,894795.0625,,0.0
LAND ROVER,DISCOVERY,11,894795.0625,,0.0
LAND ROVER,DISCOVERY,12,894795.0625,,1.7832156270742416
LAND ROVER,DISCOVERY,13,910751.1875,,1.0184450075030327
LAND ROVER,DISCOVERY,14,920026.6875,,0.0
LAND ROVER,DISCOVERY,15,920026.6875,,0.0
LAND ROVER,DISCOVERY,16,920026.6875,,-1.616162434220314
LAND ROVER,DISCOVERY,17,905157.5625,,0.12142913183197379
LAND ROVER,DISCOVERY,18,906256.6875,,
LAND ROVER,FREELANDER,10,712549.1875,,-7.462616264820099
LAND ROVER,FREELANDER,11,659374.375,,-1.4969872310757637
LAND ROVER,FREELANDER,12,649503.625,,6.728946417570114
LAND ROVER,FREELANDER,13,693208.375,,-5.657263472676277
LAND ROVER,FREELANDER,14,653991.75,,-1.7835278064012527
LAND ROVER,FREELANDER,15,642327.625,,-3.2050427049398422
LAND ROVER,FREELANDER,16,621740.75,,-9.501448273658752
LAND ROVER,FREELANDER,17,562666.375,,1.1531700380146503
LAND ROVER,FREELANDER,18,569154.875,,-6.422175467014313
LAND ROVER,FREELANDER,20,532602.75,,
LAND ROVER,RANGE ROVER,3,2277664.25,,-0.21698763594031334
LAND ROVER,RANGE ROVER,4,2272722.0,,-1.472463458776474
LAND ROVER,RANGE ROVER,5,2239257.0,,-3.429742529988289
LAND ROVER,RANGE ROVER,6,2162456.25,,-0.5670981947332621
LAND ROVER,RANGE ROVER,7,2150193.0,,-1.5854738652706146
LAND ROVER,RANGE ROVER,8,2116102.25,,0.5055403336882591
LAND ROVER,RANGE ROVER,9,2126800.0,,-5.6259579956531525
LAND ROVER,RANGE ROVER,10,2007147.125,,6.476748734712601
LAND ROVER,RANGE ROVER,11,2137145.0,,2.2025996819138527
LAND ROVER,RANGE ROVER,12,2184217.75,,4.351546615362167
LAND ROVER,RANGE ROVER,13,2279265.0,,
LEXUS,GS,6,2031893.25,,-0.9921166114509106
LEXUS,GS,7,2011734.5,,0.09506100323051214
LEXUS,GS,8,2013646.875,,0.0
LEXUS,GS,9,2013646.875,,0.0
LEXUS,GS,10,2013646.875,,0.0
LEXUS,GS,12,2013646.875,,0.7923931814730167
LEXUS,GS,13,2029602.875,,0.45700441114604473
LEXUS,GS,14,2038878.25,,0.0
LEXUS,GS,15,2038878.25,,0.0
LEXUS,GS,16,2038878.25,,-0.7292858324944973
LEXUS,GS,17,2024009.0,,
LEXUS,IS,5,2040829.625,,-0.43787951581180096
LEXUS,IS,6,2031893.25,,-0.9921166114509106
LEXUS,IS,7,2011734.5,,0.09506100323051214
LEXUS,IS,8,2013646.875,,0.0
LEXUS,IS,9,2013646.875,,0.0
LEXUS,IS,12,2013646.875,,0.7923931814730167
LEXUS,IS,13,2029602.875,,0.45700441114604473
LEXUS,IS,14,2038878.25,,0.0
LEXUS,IS,15,2038878.25,,0.0
LEXUS,IS,16,2038878.25,,-0.7292858324944973
LEXUS,IS,17,2024009.0,,0.05429817829281092
LEXUS,IS,18,2025108.0,,
LEXUS,LS,3,2052653.25,,-0.5760166794061661
LEXUS,LS,4,2040829.625,,0.0
LEXUS,LS,5,2040829.625,,-0.43787951581180096
LEXUS,LS,6,2031893.25,,-0.9921166114509106
LEXUS,LS,7,2011734.5,,0.09506100323051214
LEXUS,LS,8,2013646.875,,0.7923931814730167
LEXUS,LS,13,2029602.875,,0.45700441114604473
LEXUS,LS,14,2038878.25,,0.0
LEXUS,LS,15,2038878.25,,0.0
LEXUS,LS,16,2038878.25,,-0.7292858324944973
LEXUS,LS,17,2024009.0,,0.05429817829281092
LEXUS,LS,18,2025108.0,,
LEXUS,NX,3,2052653.25,,-0.5760166794061661
LEXUS,NX,4,2040829.625,,0.0
LEXUS,NX,5,2040829.625,,-0.43787951581180096
LEXUS,NX,6,2031893.25,,-0.9921166114509106
LEXUS,NX,7,2011734.5,,0.09506100323051214
LEXUS,NX,8,2013646.875,,0.0
LEXUS,NX,9,2013646.875,,
LEXUS,RC,3,2499655.25,,-0.15622153878211975
LEXUS,RC,4,2495750.25,,0.3182109212502837
LEXUS,RC,5,2503692.0,,0.01342018076684326
LEXUS,RC,6,2504028.0,,-0.09911031229421496
LEXUS,RC,7,2501546.25,,0.3548305481672287
LEXUS,RC,8,2510422.5,,0.0
LEXUS,RC,9,2510422.5,,
LEXUS,RX,3,2052653.25,,-0.5760166794061661
LEXUS,RX,4,2040829.625,,0.0
LEXUS,RX,5,2040829.625,,-0.43787951581180096
LEXUS,RX,6,2031893.25,,-0.9921166114509106
LEXUS,RX,7,2011734.5,,0.09506100323051214
LEXUS,RX,8,2013646.875,,0.0
LEXUS,RX,9,2013646.875,,0.0
LEXUS,RX,10,2013646.875,,0.0
LEXUS,RX,11,2013646.875,,0.0
LEXUS,RX,12,2013646.875,,0.7923931814730167
LEXUS,RX,13,2029602.875,,0.45700441114604473
LEXUS,RX,14,2038878.25,,0.0
LEXUS,RX,15,2038878.25,,
MAZDA,2,3,327954.96875,,-8.639972656965256
MAZDA,2,4,299619.75,,10.37152111530304
MAZDA,2,5,330694.875,,-16.377635300159454
MAZDA,2,6,276534.875,,-18.79991739988327
MAZDA,2,7,224546.546875,,-3.328409418463707
MAZDA,2,8,217072.71875,,11.343879997730255
MAZDA,2,9,241697.1875,,-24.40699338912964
MAZDA,2,11,182706.171875,,-18.27879399061203
MAZDA,2,12,149309.6875,,-28.001663088798523
MAZDA,2,15,107500.4921875,,-4.291339218616486
MAZDA,2,16,102887.28125,,
MAZDA,3,2,426519.6875,,8.881089091300964
MAZDA,3,3,464399.28125,,0.9561613202095032
MAZDA,3,4,468839.6875,,-2.56156325340271
MAZDA,3,5,456830.0625,,-8.505043387413025
MAZDA,3,6,417976.46875,,-13.040006160736084
MAZDA,3,7,363472.3125,,6.349451839923859
MAZDA,3,8,386550.8125,,-16.703253984451294
MAZDA,3,9,321984.25,,-10.334356129169464
MAZDA,3,10,288709.25,,-5.729531496763229
MAZDA,3,11,272167.5625,,
MAZDA,BT-50,3,532318.5625,,-13.822080194950104
MAZDA,BT-50,4,458741.0625,,-32.735270261764526
MAZDA,BT-50,8,308570.9375,,-40.197426080703735
MAZDA,BT-50,12,184533.359375,,
MAZDA,CX-5,3,548921.8125,,-14.093451201915741
MAZDA,CX-5,4,471559.78125,,-4.454134404659271
MAZDA,CX-5,5,450555.875,,-4.957189038395882
MAZDA,CX-5,6,428220.96875,,-16.644546389579773
MAZDA,CX-5,7,356945.53125,,-23.06763082742691
MAZDA,CX-5,8,274606.65625,,-11.995361745357513
MAZDA,CX-5,9,241666.59375,,-9.02966633439064
MAZDA,CX-5,10,219844.90625,,-3.274993598461151
MAZDA,CX-5,11,212645.0,,-0.04201544797979295
MAZDA,CX-5,12,212555.65625,,
MAZDA,CX-8,2,528041.6875,,3.716396912932396
MAZDA,CX-8,3,547665.8125,,4.934099316596985
MAZDA,CX-8,4,574688.1875,,4.369554296135902
MAZDA,CX-8,5,599799.5,,-11.107753217220306
MAZDA,CX-8,6,533175.25,,
MAZDA,CX-9,9,1203594.875,,-0.8247688412666321
MAZDA,CX-9,10,1193668.0,,0.0
MAZDA,CX-9,11,1193668.0,,0.0
MAZDA,CX-9,12,1193668.0,,1.3367201201617718
MAZDA,CX-9,13,1209624.0,,0.7667982019484043
MAZDA,CX-9,14,1218899.375,,0.0
MAZDA,CX-9,15,1218899.375,,0.0
MAZDA,CX-9,16,1218899.375,,
MAZDA,MX-5,3,461765.375,,-2.8077300637960434
MAZDA,MX-5,4,448800.25,,0.0
MAZDA,MX-5,5,448800.25,,-5.37877082824707
MAZDA,MX-5,6,424660.3125,,-5.0378501415252686
MAZDA,MX-5,7,403266.5625,,1.5555933117866516
MAZDA,MX-5,10,409539.75,,0.0
MAZDA,MX-5,11,409539.75,,0.0
MAZDA,MX-5,12,409539.75,,3.8961417973041534
MAZDA,MX-5,13,425496.0,,2.179911732673645
MAZDA,MX-5,14,434771.4375,,0.0
MAZDA,MX-5,15,434771.4375,,
MERCEDES-BENZ,A-CLASS,2,1383383.0,,-4.206110909581184
MERCEDES-BENZ,A-CLASS,3,1325196.375,,-35.50613820552826
MERCEDES-BENZ,A-CLASS,4,854670.3125,,-1.9791403785347939
MERCEDES-BENZ,A-CLASS,5,837755.1875,,-2.4183303117752075
MERCEDES-BENZ,A-CLASS,6,817495.5,,-5.860988050699234
MERCEDES-BENZ,A-CLASS,7,769582.1875,,-5.054682493209839
MERCEDES-BENZ,A-CLASS,8,730682.25,,-41.54013991355896
MERCEDES-BENZ,A-CLASS,10,427155.8125,,6.88650906085968
MERCEDES-BENZ,A-CLASS,11,456571.9375,,
MERCEDES-BENZ,B-CLASS,12,1208881.625,,-7.732580602169037
MERCEDES-BENZ,B-CLASS,16,1115403.875,,
MERCEDES-BENZ,C-CLASS,1,1710497.25,,4.626234993338585
MERCEDES-BENZ,C-CLASS,2,1789628.875,,-0.6615547463297844
MERCEDES-BENZ,C-CLASS,3,1777789.5,,-29.126548767089844
MERCEDES-BENZ,C-CLASS,4,1259980.75,,-1.4603099785745144
MERCEDES-BENZ,C-CLASS,5,1241581.125,,-4.127760976552963
MERCEDES-BENZ,C-CLASS,6,1190331.625,,-24.61807131767273
MERCEDES-BENZ,C-CLASS,7,897294.9375,,-1.4453441835939884
MERCEDES-BENZ,C-CLASS,8,884325.9375,,-22.990894317626953
MERCEDES-BENZ,C-CLASS,9,681011.5,,-25.366058945655823
MERCEDES-BENZ,C-CLASS,10,508265.71875,,0.6859478075057268
MERCEDES-BENZ,C-CLASS,12,511752.15625,,6.894493103027344
MERCEDES-BENZ,C-CLASS,13,547034.875,,-21.59786820411682
MERCEDES-BENZ,C-CLASS,14,428887.0,,-27.644002437591553
MERCEDES-BENZ,C-CLASS,18,310325.46875,,-18.030796945095062
MERCEDES-BENZ,C-CLASS,19,254371.3125,,
MERCEDES-BENZ,CLS-CLASS,3,2468938.5,,-33.8482141494751
MERCEDES-BENZ,CLS-CLASS,9,1633246.875,,-23.68248850107193
MERCEDES-BENZ,CLS-CLASS,12,1246453.375,,
MERCEDES-BENZ,E-CLASS,1,1712366.75,,3.0608002096414566
MERCEDES-BENZ,E-CLASS,3,1764778.875,,-31.653738021850586
MERCEDES-BENZ,E-CLASS,4,1206160.375,,-1.0100957937538624
MERCEDES-BENZ,E-CLASS,5,1193977.0,,1.425037905573845
MERCEDES-BENZ,E-CLASS,6,1210991.625,,-18.409928679466248
MERCEDES-BENZ,E-CLASS,7,988048.9375,,-8.833342790603638
MERCEDES-BENZ,E-CLASS,8,900771.1875,,-17.258580029010773
MERCEDES-BENZ,E-CLASS,9,745310.875,,-25.70076882839203
MERCEDES-BENZ,E-CLASS,10,553760.25,,-2.2973276674747467
MERCEDES-BENZ,E-CLASS,11,541038.5625,,-4.630723595619202
MERCEDES-BENZ,E-CLASS,12,515984.5625,,18.618349730968475
MERCEDES-BENZ,E-CLASS,13,612052.375,,-3.083028644323349
MERCEDES-BENZ,E-CLASS,14,593182.625,,-18.419353663921356
MERCEDES-BENZ,E-CLASS,15,483922.21875,,-11.212565004825592
MERCEDES-BENZ,E-CLASS,17,429662.125,,-17.502357065677643
MERCEDES-BENZ,E-CLASS,19,354461.125,,-30.99433183670044
MERCEDES-BENZ,E-CLASS,20,244598.265625,,-2.8587309643626213
MERCEDES-BENZ,E-CLASS,26,237605.859375,,
MERCEDES-BENZ,S-CLASS,0,2419302.5,,1.242920197546482
MERCEDES-BENZ,S-CLASS,1,2449372.5,,-28.793388605117798
MERCEDES-BENZ,S-CLASS,7,1744115.125,,-28.250250220298767
MERCEDES-BENZ,S-CLASS,10,1251398.25,,-3.7155337631702423
MERCEDES-BENZ,S-CLASS,11,1204902.125,,-8.661450445652008
MERCEDES-BENZ,S-CLASS,18,1100540.125,,-8.763998001813889
MERCEDES-BENZ,S-CLASS,28,1004088.8125,,
MG,EP,3,883723.0,,-0.34026498906314373
MG,EP,4,880716.0,,-4.419706389307976
MG,EP,5,841790.9375,,
MG,ES,3,846817.4375,,-0.46108667738735676
MG,ES,4,842912.875,,0.9421940892934799
MG,ES,5,850854.75,,
MG,EXTENDER,3,147504.578125,,-21.332553029060364
MG,EXTENDER,4,116038.0859375,,8.757449686527252
MG,EXTENDER,5,126200.0625,,-31.72701597213745
MG,EXTENDER,6,86160.546875,,
MG,GS,6,94801.2734375,,-72.81196713447571
MG,GS,7,25774.59765625,,100.71080923080444
MG,GS,8,51732.40234375,,57.47104287147522
MG,GS,9,81463.5546875,,
MG,HS,3,252245.203125,,-11.42871081829071
MG,HS,4,223416.828125,,1.7618132755160332
MG,HS,5,227353.015625,,-14.820750057697296
MG,HS,6,193657.59375,,
MG,MG3,3,846817.4375,,-0.46108667738735676
MG,MG3,4,842912.875,,0.9421940892934799
MG,MG3,5,850854.75,,0.039489701157435775
MG,MG3,6,851190.75,,
MG,V80,4,842912.875,,0.9421940892934799
MG,V80,5,850854.75,,0.039489701157435775
MG,V80,6,851190.75,,
MG,ZS,3,156398.078125,,-12.269631773233414
MG,ZS,4,137208.609375,,-0.8198966272175312
MG,ZS,5,136083.640625,,-8.053974062204361
MG,ZS,6,125123.5,,-54.20840382575989
MG,ZS,7,57296.046875,,0.8063861168920994
MG,ZS,8,57758.07421875,,
MINI,COUNTRYMAN,3,1590748.5,,9.456994384527206
MINI,COUNTRYMAN,4,1741185.5,,8.487284928560257
MINI,COUNTRYMAN,7,1888964.875,,-0.2733044559136033
MINI,COUNTRYMAN,9,1883802.25,,4.5426145195961
MINI,COUNTRYMAN,12,1969376.125,,
MITSUBISHI,ATTRAGE,3,329396.09375,,-15.307672321796417
MITSUBISHI,ATTRAGE,4,278973.21875,,4.3967705219984055
MITSUBISHI,ATTRAGE,5,291239.03125,,-6.812746077775955
MITSUBISHI,ATTRAGE,6,271397.65625,,-12.709268927574158
MITSUBISHI,ATTRAGE,7,236905.0,,-3.1529121100902557
MITSUBISHI,ATTRAGE,8,229435.59375,,13.620162010192871
MITSUBISHI,ATTRAGE,9,260685.09375,,-30.428266525268555
MITSUBISHI,ATTRAGE,10,181363.140625,,-2.4474550038576126
MITSUBISHI,ATTRAGE,11,176924.359375,,-3.3083170652389526
MITSUBISHI,ATTRAGE,12,171071.140625,,-25.833377242088318
MITSUBISHI,ATTRAGE,13,126877.6875,,
MITSUBISHI,LANCER,9,221900.796875,,-26.919129490852356
MITSUBISHI,LANCER,10,162167.03125,,-14.932037889957428
MITSUBISHI,LANCER,11,137952.1875,,-3.701791912317276
MITSUBISHI,LANCER,12,132845.484375,,1.8847906962037086
MITSUBISHI,LANCER,13,135349.34375,,-1.316362153738737
MITSUBISHI,LANCER,14,133567.65625,,-8.461792767047882
MITSUBISHI,LANCER,15,122265.4375,,
MITSUBISHI,MIRAGE,2,284430.0,,10.314895212650299
MITSUBISHI,MIRAGE,3,313768.65625,,-5.014393106102943
MITSUBISHI,MIRAGE,4,298035.0625,,1.2143810279667377
MITSUBISHI,MIRAGE,5,301654.34375,,-1.6564903780817986
MITSUBISHI,MIRAGE,6,296657.46875,,-18.856491148471832
MITSUBISHI,MIRAGE,7,240718.28125,,-2.233484759926796
MITSUBISHI,MIRAGE,8,235341.875,,19.37268078327179
MITSUBISHI,MIRAGE,9,280933.90625,,
MITSUBISHI,OUTLANDER,3,1025109.8125,,1.1951036751270294
MITSUBISHI,OUTLANDER,4,1037360.9375,,-1.5365674160420895
MITSUBISHI,OUTLANDER,5,1021421.1875,,
MITSUBISHI,PAJERO,1,532107.5625,,14.646686613559723
MITSUBISHI,PAJERO,3,610043.6875,,12.257226556539536
MITSUBISHI,PAJERO,4,684818.125,,-2.0300371572375298
MITSUBISHI,PAJERO,5,670916.0625,,-3.4303471446037292
MITSUBISHI,PAJERO,6,647901.3125,,-14.579631388187408
MITSUBISHI,PAJERO,7,553439.6875,,-15.22093415260315
MITSUBISHI,PAJERO,8,469201.0,,-17.473088204860687
MITSUBISHI,PAJERO,9,387217.09375,,-15.540014207363129
MITSUBISHI,PAJERO,10,327043.5,,-5.584673583507538
MITSUBISHI,PAJERO,11,308779.1875,,-1.7378821969032288
MITSUBISHI,PAJERO,12,303412.96875,,-3.5384733229875565
MITSUBISHI,PAJERO,13,292676.78125,,-8.63921269774437
MITSUBISHI,PAJERO,14,267391.8125,,
MITSUBISHI,SPACE WAGON,13,90198.6875,,25.184834003448486
MITSUBISHI,SPACE WAGON,14,112915.078125,,-20.8347886800766
MITSUBISHI,SPACE WAGON,15,89389.4609375,,-7.591778784990311
MITSUBISHI,SPACE WAGON,16,82603.2109375,,-15.387113392353058
MITSUBISHI,SPACE WAGON,17,69892.9609375,,1.4447986148297787
MITSUBISHI,SPACE WAGON,18,70902.7734375,,
MITSUBISHI,TRITON,1,483563.625,,-28.004103899002075
MITSUBISHI,TRITON,2,348145.96875,,11.979512125253677
MITSUBISHI,TRITON,3,389852.15625,,-9.013913571834564
MITSUBISHI,TRITON,4,354711.21875,,1.1096878908574581
MITSUBISHI,TRITON,5,358647.40625,,-1.2956580147147179
MITSUBISHI,TRITON,6,354000.5625,,-23.075351119041443
MITSUBISHI,TRITON,7,272313.6875,,9.362169355154037
MITSUBISHI,TRITON,8,297808.15625,,-0.2193106571212411
MITSUBISHI,TRITON,9,297155.03125,,-33.11770260334015
MITSUBISHI,TRITON,10,198744.109375,,-6.5281495451927185
MITSUBISHI,TRITON,11,185769.796875,,20.34938782453537
MITSUBISHI,TRITON,12,223572.8125,,
MITSUBISHI,XPANDER,1,1016174.4375,,7.242537289857864
MITSUBISHI,XPANDER,3,1089771.25,,
NISSAN,350Z,16,1219827.875,,-1.1401096358895302
NISSAN,350Z,17,1205920.5,,0.09113370324485004
NISSAN,350Z,18,1207019.5,,
NISSAN,370Z,13,1307191.0,,4.760503768920898
NISSAN,370Z,14,1369419.875,,-2.061082608997822
NISSAN,370Z,15,1341195.0,,5.268147215247154
NISSAN,370Z,16,1411851.125,,
NISSAN,ALMERA,3,312205.375,,-2.900564670562744
NISSAN,ALMERA,4,303149.65625,,0.5366573575884104
NISSAN,ALMERA,5,304776.53125,,-9.071902930736542
NISSAN,ALMERA,6,277127.5,,-8.671516180038452
NISSAN,ALMERA,7,253096.34375,,-2.2118614986538887
NISSAN,ALMERA,8,247498.203125,,16.711288690567017
NISSAN,ALMERA,9,288858.34375,,-16.639119386672974
NISSAN,ALMERA,10,240794.859375,,3.996756672859192
NISSAN,ALMERA,12,250418.84375,,9.16389673948288
NISSAN,ALMERA,13,273366.96875,,
NISSAN,GT-R,3,1038579.3125,,-1.1182764545083046
NISSAN,GT-R,4,1026965.125,,0.7733222562819719
NISSAN,GT-R,5,1034906.875,,2.2697212174534798
NISSAN,GT-R,6,1058396.375,,2.898264303803444
NISSAN,GT-R,7,1089071.5,,
NISSAN,JUKE,8,323447.90625,,8.304902166128159
NISSAN,JUKE,9,350309.9375,,-21.133026480674744
NISSAN,JUKE,10,276278.84375,,37.4973863363266
NISSAN,JUKE,11,379876.1875,,
NISSAN,KICKS,3,346226.0,,-0.614510104060173
NISSAN,KICKS,4,344098.40625,,-3.355244919657707
NISSAN,KICKS,5,332553.0625,,
NISSAN,LEAF,3,1038579.3125,,-1.1182764545083046
NISSAN,LEAF,4,1026965.125,,0.7733222562819719
NISSAN,LEAF,5,1034906.875,,2.2697212174534798
NISSAN,LEAF,6,1058396.375,,
NISSAN,LIVINA,9,1131539.25,,-0.8772894740104675
NISSAN,LIVINA,10,1121612.375,,0.0
NISSAN,LIVINA,11,1121612.375,,
NISSAN,MARCH,3,361260.8125,,-2.930189110338688
NISSAN,MARCH,4,350675.1875,,-0.962571706622839
NISSAN,MARCH,5,347299.6875,,-14.848288893699646
NISSAN,MARCH,6,295731.625,,-3.0877023935317993
NISSAN,MARCH,7,286600.3125,,1.7164146527647972
NISSAN,MARCH,8,291519.5625,,0.3002371406182647
NISSAN,MARCH,9,292394.8125,,-18.63250732421875
NISSAN,MARCH,10,237914.328125,,-23.239214718341827
NISSAN,MARCH,11,182624.90625,,50.76451897621155
NISSAN,MARCH,14,275333.5625,,
NISSAN,MURANO,15,1219827.875,,0.0
NISSAN,MURANO,16,1219827.875,,-1.1401096358895302
NISSAN,MURANO,17,1205920.5,,0.09113370324485004
NISSAN,MURANO,18,1207019.5,,
NISSAN,NAVARA,3,302923.09375,,-1.712253876030445
NISSAN,NAVARA,4,297736.28125,,1.9370120018720627
NISSAN,NAVARA,5,303503.46875,,-10.821828246116638
NISSAN,NAVARA,6,270658.84375,,-7.458582520484924
NISSAN,NAVARA,7,250471.53125,,9.205213189125061
NISSAN,NAVARA,8,273527.96875,,10.646969079971313
NISSAN,NAVARA,9,302650.40625,,-11.88717857003212
NISSAN,NAVARA,10,266673.8125,,-3.719208762049675
NISSAN,NAVARA,11,256755.65625,,-3.8116250187158585
NISSAN,NAVARA,12,246969.09375,,9.604668617248535
NISSAN,NAVARA,13,270689.65625,,-7.271663099527359
NISSAN,NAVARA,14,251006.015625,,-5.2035853266716
NISSAN,NAVARA,15,237944.703125,,-9.800734370946884
NISSAN,NAVARA,16,214624.375,,-4.990404844284058
NISSAN,NAVARA,17,203913.75,,1.423572190105915
NISSAN,NAVARA,18,206816.609375,,
NISSAN,NOTE,3,330300.1875,,-7.389234751462936
NISSAN,NOTE,4,305893.53125,,1.2867732904851437
NISSAN,NOTE,5,309829.6875,,-4.550110548734665
NISSAN,NOTE,6,295732.09375,,-13.59400749206543
NISSAN,NOTE,7,255530.25,,17.455382645130157
NISSAN,NOTE,8,300134.03125,,
NISSAN,NV,17,1205920.5,,0.09113370324485004
NISSAN,NV,18,1207019.5,,
NISSAN,PULSAR,9,355903.4375,,0.0
NISSAN,PULSAR,10,355903.4375,,0.0
NISSAN,PULSAR,11,355903.4375,,0.0
NISSAN,PULSAR,12,355903.4375,,
NISSAN,SYLPHY,5,270478.28125,,-4.0034811943769455
NISSAN,SYLPHY,6,259649.734375,,-12.846808135509491
NISSAN,SYLPHY,7,226293.03125,,5.575797334313393
NISSAN,SYLPHY,8,238910.671875,,-8.47775712609291
NISSAN,SYLPHY,9,218656.40625,,-16.812242567539215
NISSAN,SYLPHY,10,181895.359375,,-23.847484588623047
NISSAN,SYLPHY,11,138517.890625,,-30.69629967212677
NISSAN,SYLPHY,12,95998.0234375,,
NISSAN,TEANA,5,268163.34375,,-9.45618823170662
NISSAN,TEANA,6,242805.3125,,-6.19775764644146
NISSAN,TEANA,7,227756.828125,,3.997328132390976
NISSAN,TEANA,8,236861.015625,,-12.238004803657532
NISSAN,TEANA,9,207873.953125,,-12.483278661966324
NISSAN,TEANA,10,181924.46875,,-23.843669891357422
NISSAN,TEANA,11,138547.0,,-36.5693598985672
NISSAN,TEANA,12,87881.25,,43.41408908367157
NISSAN,TEANA,13,126034.09375,,
NISSAN,TERRA,2,472183.09375,,2.717411145567894
NISSAN,TERRA,3,485014.25,,5.479748919606209
NISSAN,TERRA,4,511591.8125,,-0.5071242805570364
NISSAN,TERRA,5,508997.40625,,-12.419255077838898
NISSAN,TERRA,6,445783.71875,,11.241255700588226
NISSAN,TERRA,7,495895.40625,,
NISSAN,TIIDA,13,313902.75,,-8.129847049713135
NISSAN,TIIDA,14,288382.9375,,-11.364305764436722
NISSAN,TIIDA,15,255610.21875,,0.09048200445249677
NISSAN,TIIDA,16,255841.5,,-6.914369761943817
NISSAN,TIIDA,17,238151.671875,,-14.036905765533447
NISSAN,TIIDA,18,204722.546875,,
NISSAN,URVAN,3,1038579.3125,,-1.1182764545083046
NISSAN,URVAN,4,1026965.125,,0.7733222562819719
NISSAN,URVAN,5,1034906.875,,2.2697212174534798
NISSAN,URVAN,6,1058396.375,,2.898264303803444
NISSAN,URVAN,7,1089071.5,,1.2379467487335205
NISSAN,URVAN,8,1102553.625,,2.628953754901886
NISSAN,URVAN,9,1131539.25,,-0.8772894740104675
NISSAN,URVAN,10,1121612.375,,
NISSAN,X-TRAIL,5,342796.25,,-8.759968727827072
NISSAN,X-TRAIL,6,312767.40625,,10.031246393918991
NISSAN,X-TRAIL,7,344141.875,,-1.8677616491913795
NISSAN,X-TRAIL,8,337714.125,,-6.063532829284668
NISSAN,X-TRAIL,9,317236.71875,,-15.747901797294617
NISSAN,X-TRAIL,10,267278.59375,,9.980562329292297
NISSAN,X-TRAIL,11,293954.5,,-7.257235050201416
NISSAN,X-TRAIL,12,272621.53125,,
ORA,GOOD CAT,3,1558703.75,,11.707276105880737
ORA,GOOD CAT,4,1741185.5,,
ORA,LONG RANGE,3,1758357.125,,3.126796707510948
ORA,LONG RANGE,4,1813337.375,,
PORSCHE,718,3,1995414.5,,-1.2491452507674694
PORSCHE,718,4,1970488.875,,0.0
PORSCHE,718,5,1970488.875,,0.15354057541117072
PORSCHE,718,6,1973514.375,,0.25531863793730736
PORSCHE,718,7,1978553.125,,-0.25655743665993214
PORSCHE,718,8,1973477.0,,0.0
PORSCHE,718,9,1973477.0,,
PORSCHE,911,3,2419398.0,,4.4504564255476
PORSCHE,911,4,2527072.25,,7.625197619199753
PORSCHE,911,5,2719766.5,,5.433131754398346
PORSCHE,911,6,2867535.0,,0.05391390295699239
PORSCHE,911,7,2869081.0,,-7.476017624139786
PORSCHE,911,8,2654588.0,,-6.261611729860306
PORSCHE,911,9,2488368.0,,-3.0252860859036446
PORSCHE,911,10,2413087.75,,-8.078218251466751
PORSCHE,911,11,2218153.25,,5.643703788518906
PORSCHE,911,12,2343339.25,,-0.17740709008648992
PORSCHE,911,13,2339182.0,,1.1330670677125454
PORSCHE,911,14,2365686.5,,-0.16422293847426772
PORSCHE,911,15,2361801.5,,-2.657156065106392
PORSCHE,911,16,2299044.75,,-0.7040859200060368
PORSCHE,911,17,2282857.5,,1.7722086980938911
PORSCHE,911,18,2323314.5,,
PORSCHE,BOXSTER,8,2464891.5,,-0.5875715054571629
PORSCHE,BOXSTER,9,2450408.5,,-4.888460412621498
PORSCHE,BOXSTER,10,2330621.25,,2.848939970135689
PORSCHE,BOXSTER,11,2397019.25,,-2.663099206984043
PORSCHE,BOXSTER,12,2333184.25,,-12.058021873235703
PORSCHE,BOXSTER,13,2051848.375,,0.3661759430542588
PORSCHE,BOXSTER,14,2059361.75,,0.8594167418777943
PORSCHE,BOXSTER,15,2077060.25,,-1.3465304858982563
PORSCHE,BOXSTER,16,2049092.0,,0.7978656329214573
PORSCHE,BOXSTER,17,2065441.0,,-1.1226234957575798
PORSCHE,BOXSTER,18,2042253.875,,
PORSCHE,CAYENNE,4,2465501.25,,0.5288478452712297
PORSCHE,CAYENNE,5,2478540.0,,-2.9485201463103294
PORSCHE,CAYENNE,6,2405459.75,,-3.8131173700094223
PORSCHE,CAYENNE,7,2313736.75,,-6.6816046833992
PORSCHE,CAYENNE,8,2159142.0,,-0.7310774177312851
PORSCHE,CAYENNE,9,2143357.0,,-6.379542499780655
PORSCHE,CAYENNE,10,2006620.625,,-24.757924675941467
PORSCHE,CAYENNE,11,1509823.0,,-17.22198575735092
PORSCHE,CAYENNE,12,1249801.5,,-16.58487319946289
PORSCHE,CAYENNE,13,1042523.5,,
PORSCHE,CAYMAN,5,2027685.5,,24.371284246444702
PORSCHE,CAYMAN,7,2521858.5,,1.4355484396219254
PORSCHE,CAYMAN,9,2558061.0,,-2.749856188893318
PORSCHE,CAYMAN,10,2487718.0,,-2.4157581850886345
PORSCHE,CAYMAN,11,2427620.75,,-4.829234629869461
PORSCHE,CAYMAN,12,2310385.25,,0.4572614096105099
PORSCHE,CAYMAN,13,2320949.75,,-4.349027946591377
PORSCHE,CAYMAN,14,2220011.0,,-2.2537952288985252
PORSCHE,CAYMAN,15,2169976.5,,-0.23925374262034893
PORSCHE,CAYMAN,16,2164784.75,,-0.8191345259547234
PORSCHE,CAYMAN,17,2147052.25,,-3.2582927495241165
PORSCHE,CAYMAN,18,2077095.0,,
PORSCHE,MACAN,2,2401203.5,,0.7577241864055395
PORSCHE,MACAN,3,2419398.0,,4.4504564255476
PORSCHE,MACAN,4,2527072.25,,7.625197619199753
PORSCHE,MACAN,5,2719766.5,,5.433131754398346
PORSCHE,MACAN,6,2867535.0,,0.05391390295699239
PORSCHE,MACAN,7,2869081.0,,-7.476017624139786
PORSCHE,MACAN,8,2654588.0,,-6.261611729860306
PORSCHE,MACAN,9,2488368.0,,-3.0252860859036446
PORSCHE,MACAN,10,2413087.75,,-8.078218251466751
PORSCHE,MACAN,11,2218153.25,,
PORSCHE,PANAMERA,3,1788112.0,,-0.46560983173549175
PORSCHE,PANAMERA,4,1779786.375,,1.1557075195014477
PORSCHE,PANAMERA,5,1800355.5,,7.8520119190216064
PORSCHE,PANAMERA,6,1941719.625,,-2.602197229862213
PORSCHE,PANAMERA,7,1891192.25,,-1.194788608700037
PORSCHE,PANAMERA,8,1868596.5,,-7.784057408571243
PORSCHE,PANAMERA,9,1723143.875,,-1.8523192033171654
PORSCHE,PANAMERA,10,1691225.75,,-7.2992026805877686
PORSCHE,PANAMERA,11,1567779.75,,-3.2211873680353165
PORSCHE,PANAMERA,12,1517278.625,,-10.905247926712036
PORSCHE,PANAMERA,13,1351815.625,,
SUBARU,B9 TRIBECA,16,1258450.25,,-1.5556038357317448
SUBARU,B9 TRIBECA,17,1238873.75,,0.08870960446074605
SUBARU,B9 TRIBECA,18,1239972.75,,
SUBARU,BRZ,3,488096.875,,-2.4223802611231804
SUBARU,BRZ,4,476273.3125,,0.0
SUBARU,BRZ,5,476273.3125,,-1.8763123080134392
SUBARU,BRZ,6,467336.9375,,-4.31356355547905
SUBARU,BRZ,7,447178.0625,,0.4276121035218239
SUBARU,BRZ,8,449090.25,,0.0
SUBARU,BRZ,9,449090.25,,0.0
SUBARU,BRZ,10,449090.25,,
SUBARU,FORESTER,3,536573.9375,,0.12667173286899924
SUBARU,FORESTER,4,537253.625,,-4.121162369847298
SUBARU,FORESTER,5,515112.53125,,-11.86063066124916
SUBARU,FORESTER,6,454016.9375,,-7.060536742210388
SUBARU,FORESTER,7,421960.90625,,-0.14489642344415188
SUBARU,FORESTER,8,421349.5,,-4.955839738249779
SUBARU,FORESTER,9,400468.09375,,-25.928986072540283
SUBARU,FORESTER,10,296630.78125,,
SUBARU,IMPREZA,4,476273.3125,,0.0
SUBARU,IMPREZA,5,476273.3125,,-1.8763123080134392
SUBARU,IMPREZA,6,467336.9375,,-4.31356355547905
SUBARU,IMPREZA,7,447178.0625,,0.4276121035218239
SUBARU,IMPREZA,8,449090.25,,0.0
SUBARU,IMPREZA,9,449090.25,,0.0
SUBARU,IMPREZA,10,449090.25,,0.0
SUBARU,IMPREZA,11,449090.25,,
SUBARU,LEGACY,10,449090.25,,0.0
SUBARU,LEGACY,11,449090.25,,0.0
SUBARU,LEGACY,12,449090.25,,3.553016483783722
SUBARU,LEGACY,13,465046.5,,1.9945183768868446
SUBARU,LEGACY,14,474321.9375,,0.0
SUBARU,LEGACY,15,474321.9375,,0.0
SUBARU,LEGACY,16,474321.9375,,-3.134803846478462
SUBARU,LEGACY,17,459452.875,,
SUBARU,LEVORG,5,1222023.875,,-0.21636239252984524
SUBARU,LEVORG,6,1219379.875,,-2.3414257913827896
SUBARU,LEVORG,7,1190829.0,,0.8917002007365227
SUBARU,LEVORG,8,1201447.625,,-2.0733842626214027
SUBARU,LEVORG,9,1176537.0,,-2.8081033378839493
SUBARU,LEVORG,10,1143498.625,,
SUBARU,OUTBACK,4,1228473.625,,0.6464729551225901
SUBARU,OUTBACK,5,1236415.375,,0.027175332070328295
SUBARU,OUTBACK,6,1236751.375,,-0.2006769645959139
SUBARU,OUTBACK,7,1234269.5,,0.7191500626504421
SUBARU,OUTBACK,8,1243145.75,,0.0
SUBARU,OUTBACK,9,1243145.75,,-0.798528641462326
SUBARU,OUTBACK,10,1233218.875,,
SUBARU,XV,3,514561.125,,-0.09543327032588422
SUBARU,XV,4,514070.0625,,2.905963361263275
SUBARU,XV,5,529008.75,,-12.352778762578964
SUBARU,XV,6,463661.46875,,-10.605164617300034
SUBARU,XV,7,414489.40625,,-2.0274491980671883
SUBARU,XV,8,406085.84375,,0.1652359962463379
SUBARU,XV,9,406756.84375,,-18.26452761888504
SUBARU,XV,10,332464.625,,
SUZUKI,APV,13,280384.625,,3.3081121742725372
SUZUKI,APV,14,289660.0625,,0.0
SUZUKI,APV,15,289660.0625,,0.0
SUZUKI,APV,16,289660.0625,,-5.133236944675446
SUZUKI,APV,17,274791.125,,0.39996285922825336
SUZUKI,APV,18,275890.1875,,
SUZUKI,CARRY,2,317669.71875,,0.8003890514373779
SUZUKI,CARRY,3,320212.3125,,-4.818297177553177
SUZUKI,CARRY,4,304783.53125,,-5.404091626405716
SUZUKI,CARRY,5,288312.75,,23.599697649478912
SUZUKI,CARRY,6,356353.6875,,-9.308510273694992
SUZUKI,CARRY,7,323182.46875,,19.274279475212097
SUZUKI,CARRY,8,385473.5625,,1.0580330155789852
SUZUKI,CARRY,9,389552.0,,-9.2920683324337
SUZUKI,CARRY,10,353354.5625,,-32.646048069000244
SUZUKI,CARRY,11,237998.265625,,89.88367319107056
SUZUKI,CARRY,12,451919.84375,,5.226369202136993
SUZUKI,CARRY,13,475538.84375,,
SUZUKI,CELERIO,2,250859.328125,,-18.237923085689545
SUZUKI,CELERIO,3,205107.796875,,10.972355306148529
SUZUKI,CELERIO,4,227612.953125,,-9.912440925836563
SUZUKI,CELERIO,5,205050.953125,,70.25373578071594
SUZUKI,CELERIO,6,349106.90625,,-30.208924412727356
SUZUKI,CELERIO,7,243645.46875,,-37.2619092464447
SUZUKI,CELERIO,8,152858.515625,,13.437283039093018
SUZUKI,CELERIO,9,173398.546875,,25.41233003139496
SUZUKI,CELERIO,10,217463.15625,,-17.607969045639038
SUZUKI,CELERIO,11,179172.3125,,
SUZUKI,CIAZ,3,378742.28125,,-16.72317087650299
SUZUKI,CIAZ,4,315404.5625,,-16.656722128391266
SUZUKI,CIAZ,5,262868.5,,5.2716948091983795
SUZUKI,CIAZ,6,276726.125,,-14.30608332157135
SUZUKI,CIAZ,7,237137.453125,,-19.27722990512848
SUZUKI,CIAZ,8,191423.921875,,-52.271634340286255
SUZUKI,CIAZ,9,91363.5078125,,-25.19974112510681
SUZUKI,CIAZ,10,68340.140625,,
SUZUKI,ERTIGA,3,294239.0625,,-4.018373787403107
SUZUKI,ERTIGA,4,282415.4375,,0.0
SUZUKI,ERTIGA,5,282415.4375,,0.0919080397579819
SUZUKI,ERTIGA,6,282675.0,,-7.131445407867432
SUZUKI,ERTIGA,7,262516.1875,,1.294848695397377
SUZUKI,ERTIGA,8,265915.375,,0.0
SUZUKI,ERTIGA,9,265915.375,,0.0
SUZUKI,ERTIGA,10,265915.375,,0.0
SUZUKI,ERTIGA,11,265915.375,,0.0
SUZUKI,ERTIGA,12,265915.375,,
SUZUKI,JIMNY,4,282415.4375,,0.0
SUZUKI,JIMNY,5,282415.4375,,0.0919080397579819
SUZUKI,JIMNY,6,282675.0,,
SUZUKI,SWIFT,3,311998.84375,,-5.890496447682381
SUZUKI,SWIFT,4,293620.5625,,1.913130283355713
SUZUKI,SWIFT,5,299237.90625,,-8.187340199947357
SUZUKI,SWIFT,6,274738.28125,,-29.278886318206787
SUZUKI,SWIFT,7,194297.96875,,17.78671145439148
SUZUKI,SWIFT,8,228857.1875,,-0.33209165558218956
SUZUKI,SWIFT,9,228097.171875,,-41.126152873039246
SUZUKI,SWIFT,10,134289.578125,,-12.252248078584671
SUZUKI,SWIFT,11,117836.0859375,,8.963583409786224
SUZUKI,SWIFT,12,128398.421875,,14.450685679912567
SUZUKI,SWIFT,13,146952.875,,
SUZUKI,SX4,11,1041250.0625,,0.0
SUZUKI,SX4,12,1041250.0625,,1.3895737007260323
SUZUKI,SX4,13,1055719.0,,0.8785837329924107
SUZUKI,SX4,14,1064994.375,,0.0
SUZUKI,SX4,15,1064994.375,,
SUZUKI,VITARA,11,1041250.0625,,0.0
SUZUKI,VITARA,12,1041250.0625,,1.3895737007260323
SUZUKI,VITARA,13,1055719.0,,0.8785837329924107
SUZUKI,VITARA,14,1064994.375,,0.0
SUZUKI,VITARA,15,1064994.375,,
SUZUKI,XL7,3,1029726.25,,-0.37918451707810163
SUZUKI,XL7,4,1025821.6875,,0.7741842418909073
SUZUKI,XL7,5,1033763.4375,,
TOYOTA,86,1,526420.75,,8.86886790394783
TOYOTA,86,9,573108.3125,,1.1647776700556278
TOYOTA,86,10,579783.75,,-26.830801367759705
TOYOTA,86,11,424223.125,,160.8877420425415
TOYOTA,86,12,1106746.125,,-40.80749452114105
TOYOTA,86,13,655110.75,,
TOYOTA,ALPHARD,1,1854348.875,,-4.566333442926407
TOYOTA,ALPHARD,2,1769673.125,,3.502221778035164
TOYOTA,ALPHARD,3,1831651.0,,1.797974854707718
TOYOTA,ALPHARD,4,1864583.625,,-0.2655351534485817
TOYOTA,ALPHARD,5,1859632.5,,-4.129337519407272
TOYOTA,ALPHARD,6,1782842.0,,-2.2047173231840134
TOYOTA,ALPHARD,7,1743535.375,,-5.75852245092392
TOYOTA,ALPHARD,8,1643133.5,,2.3249784484505653
TOYOTA,ALPHARD,9,1681336.0,,-6.077510863542557
TOYOTA,ALPHARD,10,1579152.625,,0.7224523462355137
TOYOTA,ALPHARD,11,1590561.25,,1.2417943216860294
TOYOTA,ALPHARD,12,1610312.75,,
TOYOTA,AVANZA,3,468792.90625,,-7.101696729660034
TOYOTA,AVANZA,4,435500.65625,,-3.012947551906109
TOYOTA,AVANZA,5,422379.25,,-6.511661410331726
TOYOTA,AVANZA,6,394875.34375,,-6.600659340620041
TOYOTA,AVANZA,7,368810.96875,,-1.2526826933026314
TOYOTA,AVANZA,8,364190.9375,,-27.560129761695862
TOYOTA,AVANZA,9,263819.4375,,-5.541390553116798
TOYOTA,AVANZA,10,249200.171875,,-34.453678131103516
TOYOTA,AVANZA,11,163341.546875,,-10.2531798183918
TOYOTA,AVANZA,12,146593.84375,,-3.0286699533462524
TOYOTA,AVANZA,15,142154.0,,-17.118698358535767
TOYOTA,AVANZA,17,117819.0859375,,
TOYOTA,CAMRY,2,483718.34375,,30.753180384635925
TOYOTA,CAMRY,3,632477.125,,-7.483679801225662
TOYOTA,CAMRY,4,585144.5625,,-7.637493312358856
TOYOTA,CAMRY,5,540454.1875,,-0.048524001613259315
TOYOTA,CAMRY,6,540191.9375,,-12.500689923763275
TOYOTA,CAMRY,7,472664.21875,,-15.31779170036316
TOYOTA,CAMRY,8,400262.5,,-20.318813621997833
TOYOTA,CAMRY,9,318933.90625,,-6.571237742900848
TOYOTA,CAMRY,10,297976.0,,-2.357603795826435
TOYOTA,CAMRY,11,290950.90625,,-0.038784462958574295
TOYOTA,CAMRY,12,290838.0625,,-4.298439994454384
TOYOTA,CAMRY,13,278336.5625,,-19.288019835948944
TOYOTA,CAMRY,14,224650.953125,,-18.134166300296783
TOYOTA,CAMRY,16,183912.375,,-38.69851529598236
TOYOTA,CAMRY,17,112741.015625,,
TOYOTA,COMMUTER,3,715414.625,,-14.93726521730423
TOYOTA,COMMUTER,4,608551.25,,0.7871871814131737
TOYOTA,COMMUTER,5,613341.6875,,-4.347199574112892
TOYOTA,COMMUTER,6,586678.5,,-2.4391766637563705
TOYOTA,COMMUTER,7,572368.375,,8.697698265314102
TOYOTA,COMMUTER,8,622151.25,,-10.60650423169136
TOYOTA,COMMUTER,9,556162.75,,-6.105862185359001
TOYOTA,COMMUTER,10,522204.21875,,-7.408925145864487
TOYOTA,COMMUTER,11,483514.5,,-2.600245177745819
TOYOTA,COMMUTER,12,470941.9375,,-16.70762002468109
TOYOTA,COMMUTER,21,392258.75,,
TOYOTA,COROLLA,1,432614.625,,7.0579200983047485
TOYOTA,COROLLA,2,463148.21875,,9.987103939056396
TOYOTA,COROLLA,3,509403.3125,,-0.7831037044525146
TOYOTA,COROLLA,4,505414.15625,,-7.235816866159439
TOYOTA,COROLLA,5,468843.3125,,-7.561194896697998
TOYOTA,COROLLA,6,433393.15625,,-14.222674071788788
TOYOTA,COROLLA,7,371753.0625,,-4.30208295583725
TOYOTA,COROLLA,8,355759.9375,,-23.90996962785721
TOYOTA,COROLLA,9,270697.84375,,-21.37070894241333
TOYOTA,COROLLA,10,212847.796875,,-9.176488220691681
TOYOTA,COROLLA,11,193315.84375,,-0.9887721389532089
TOYOTA,COROLLA,12,191404.390625,,15.374501049518585
TOYOTA,COROLLA,13,220831.859375,,-13.596472144126892
TOYOTA,COROLLA,14,190806.515625,,-20.816300809383392
TOYOTA,COROLLA,15,151087.65625,,-13.635747134685516
TOYOTA,COROLLA,16,130485.7265625,,-67.75779128074646
TOYOTA,COROLLA,20,42071.47265625,,28.556770086288452
TOYOTA,COROLLA,29,54085.7265625,,
TOYOTA,CROWN,17,1235239.625,,0.08897059014998376
TOYOTA,CROWN,18,1236338.625,,
TOYOTA,FORTUNER,0,792271.125,,-5.5772338062524796
TOYOTA,FORTUNER,2,748084.3125,,16.58051759004593
TOYOTA,FORTUNER,3,872120.5625,,-2.588568441569805
TOYOTA,FORTUNER,4,849545.125,,-7.988730818033218
TOYOTA,FORTUNER,5,781677.25,,-3.200513869524002
TOYOTA,FORTUNER,6,756659.5625,,-9.735322743654251
TOYOTA,FORTUNER,7,682996.3125,,-1.65154617279768
TOYOTA,FORTUNER,8,671716.3125,,-12.423724681138992
TOYOTA,FORTUNER,9,588264.125,,-7.593835890293121
TOYOTA,FORTUNER,10,543592.3125,,-28.99380922317505
TOYOTA,FORTUNER,11,385984.1875,,-4.632581397891045
TOYOTA,FORTUNER,12,368103.15625,,0.6152147892862558
TOYOTA,FORTUNER,14,370367.78125,,-7.4620164930820465
TOYOTA,FORTUNER,15,342730.875,,-9.24396961927414
TOYOTA,FORTUNER,17,311048.9375,,-28.451672196388245
TOYOTA,FORTUNER,19,222550.3125,,-8.145784586668015
TOYOTA,FORTUNER,20,204421.84375,,
TOYOTA,HIACE,3,540889.4375,,2.704237960278988
TOYOTA,HIACE,4,555516.375,,-6.9072335958480835
TOYOTA,HIACE,5,517145.5625,,-4.3573081493377686
TOYOTA,HIACE,6,494611.9375,,-9.503605961799622
TOYOTA,HIACE,7,447605.96875,,-2.707173116505146
TOYOTA,HIACE,8,435488.5,,-21.53196930885315
TOYOTA,HIACE,9,341719.25,,-20.93975841999054
TOYOTA,HIACE,10,270164.0625,,-7.010508328676224
TOYOTA,HIACE,11,251224.1875,,-8.470254391431808
TOYOTA,HIACE,12,229944.859375,,-45.09643316268921
TOYOTA,HIACE,19,126247.9296875,,
TOYOTA,HILUX REVO,0,356995.40625,-5.194619657682232,27.50837206840515
TOYOTA,HILUX REVO,1,455199.03125,-5.194619657682232,-27.663064002990723
TOYOTA,HILUX REVO,2,329277.03125,-5.194619657682232,1.3984329998493195
TOYOTA,HILUX REVO,3,333881.75,-5.194619657682232,3.080843761563301
TOYOTA,HILUX REVO,4,344168.125,-5.194619657682232,-14.840711653232574
TOYOTA,HILUX REVO,5,293091.125,-5.194619657682232,23.429179191589355
TOYOTA,HILUX REVO,6,361759.96875,-5.194619657682232,-0.3653579391539097
TOYOTA,HILUX REVO,7,360438.25,-5.194619657682232,-11.711081862449646
TOYOTA,HILUX REVO,8,318227.03125,-5.194619657682232,4.839901626110077
TOYOTA,HILUX REVO,9,333628.90625,-5.194619657682232,-22.798922657966614
TOYOTA,HILUX REVO,10,257565.109375,-5.194619657682232,
TOYOTA,HILUX VIGO,10,249200.171875,,-34.453678131103516
TOYOTA,HILUX VIGO,11,163341.546875,,-10.2531798183918
TOYOTA,HILUX VIGO,12,146593.84375,,-1.215816754847765
TOYOTA,HILUX VIGO,13,144811.53125,,13.838697969913483
TOYOTA,HILUX VIGO,14,164851.5625,,-13.768485188484192
TOYOTA,HILUX VIGO,15,142154.0,,-4.466568678617477
TOYOTA,HILUX VIGO,16,135804.59375,,-11.401095241308212
TOYOTA,HILUX VIGO,17,120321.3828125,,3.143865242600441
TOYOTA,HILUX VIGO,18,124104.125,,
TOYOTA,INNOVA,1,468946.0625,,22.24155068397522
TOYOTA,INNOVA,3,573246.9375,,-9.107381105422974
TOYOTA,INNOVA,4,521039.15625,,-7.747174799442291
TOYOTA,INNOVA,5,480673.34375,,-0.5223467014729977
TOYOTA,INNOVA,6,478162.5625,,-11.227817088365555
TOYOTA,INNOVA,7,424475.34375,,-13.181176781654358
TOYOTA,INNOVA,8,368524.5,,-26.899603009223938
TOYOTA,INNOVA,9,269392.875,,-7.5499460101127625
TOYOTA,INNOVA,10,249053.859375,,-2.9267577454447746
TOYOTA,INNOVA,11,241764.65625,,0.0
TOYOTA,INNOVA,12,241764.65625,,5.341616272926331
TOYOTA,INNOVA,13,254678.796875,,
TOYOTA,MAJESTY,1,1394428.125,,-3.7794794887304306
TOYOTA,MAJESTY,3,1341726.0,,-0.24336189962923527
TOYOTA,MAJESTY,4,1338460.75,,0.294106500223279
TOYOTA,MAJESTY,5,1342397.25,,-6.753990054130554
TOYOTA,MAJESTY,6,1251731.875,,
TOYOTA,PRIUS,10,249200.171875,,-34.453678131103516
TOYOTA,PRIUS,11,163341.546875,,-12.737727165222168
TOYOTA,PRIUS,12,142535.546875,,1.59678366035223
TOYOTA,PRIUS,13,144811.53125,,11.578584462404251
TOYOTA,PRIUS,14,161578.65625,,-12.02179566025734
TOYOTA,PRIUS,15,142154.0,,
TOYOTA,SIENTA,3,570681.8125,,-9.148316830396652
TOYOTA,SIENTA,4,518474.03125,,-7.785509526729584
TOYOTA,SIENTA,5,478108.1875,,-0.5251491907984018
TOYOTA,SIENTA,6,475597.40625,,-10.493847727775574
TOYOTA,SIENTA,7,425688.9375,,-12.725313007831573
TOYOTA,SIENTA,8,371518.6875,,-26.932796835899353
TOYOTA,SIENTA,9,271458.3125,,-79.21028733253479
TOYOTA,SIENTA,21,56435.3984375,,
TOYOTA,SUPRA,3,2919875.5,,1.8110103905200958
TOYOTA,SUPRA,4,2972754.75,,-0.84425900131464
TOYOTA,SUPRA,5,2947657.0,,7.577849179506302
TOYOTA,SUPRA,6,3171026.0,,
TOYOTA,VELLFIRE,3,1307973.125,,8.162792026996613
TOYOTA,VELLFIRE,4,1414740.25,,8.789227902889252
TOYOTA,VELLFIRE,5,1539085.0,,3.163982182741165
TOYOTA,VELLFIRE,6,1587781.375,,0.7913400419056416
TOYOTA,VELLFIRE,7,1600346.125,,-10.196114331483841
TOYOTA,VELLFIRE,8,1437173.0,,-11.1846923828125
TOYOTA,VELLFIRE,9,1276429.625,,0.2560168504714966
TOYOTA,VELLFIRE,10,1279697.5,,-37.0951384305954
TOYOTA,VELLFIRE,11,804991.9375,,5.06843589246273
TOYOTA,VELLFIRE,12,845792.4375,,-4.845825582742691
TOYOTA,VELLFIRE,13,804806.8125,,
TOYOTA,VELOZ,2,1207524.625,,22.008568048477173
TOYOTA,VELOZ,3,1473283.5,,
TOYOTA,VENTURY,6,526751.6875,,-13.28597366809845
TOYOTA,VENTURY,7,456767.59375,,-8.860763162374496
TOYOTA,VENTURY,8,416294.5,,-22.45633751153946
TOYOTA,VENTURY,9,322810.0,,-6.2762245535850525
TOYOTA,VENTURY,10,302549.71875,,-2.3199286311864853
TOYOTA,VENTURY,11,295530.78125,,-8.049722015857697
TOYOTA,VENTURY,12,271741.375,,12.988947331905365
TOYOTA,VENTURY,13,307037.71875,,-11.50158941745758
TOYOTA,VENTURY,14,271723.5,,-25.21788477897644
TOYOTA,VENTURY,15,203200.578125,,
TOYOTA,VIOS,3,355686.71875,,-12.24946454167366
TOYOTA,VIOS,4,312117.0,,-12.932831048965454
TOYOTA,VIOS,5,271751.4375,,0.3178686136379838
TOYOTA,VIOS,6,272615.25,,-14.338746666908264
TOYOTA,VIOS,7,233525.640625,,-8.046787977218628
TOYOTA,VIOS,8,214734.328125,,-36.501544713974
TOYOTA,VIOS,9,136352.984375,,2.858848311007023
TOYOTA,VIOS,10,140251.109375,,-7.59350061416626
TOYOTA,VIOS,11,129601.140625,,0.0
TOYOTA,VIOS,12,129601.140625,,11.047296226024628
TOYOTA,VIOS,13,143918.5625,,-31.374865770339966
TOYOTA,VIOS,14,98764.3046875,,12.211664766073227
TOYOTA,VIOS,15,110825.0703125,,-74.36292171478271
TOYOTA,VIOS,18,28412.310546875,,-133.55062007904053
TOYOTA,VIOS,21,-9532.5048828125,,
TOYOTA,WISH,15,485305.8125,,-3.0638670548796654
TOYOTA,WISH,17,470436.6875,,0.23365258239209652
TOYOTA,WISH,18,471535.875,,
TOYOTA,YARIS,0,347000.25,,17.008110880851746
TOYOTA,YARIS,1,406018.4375,,-29.4009268283844
TOYOTA,YARIS,2,286645.25,,11.142322421073914
TOYOTA,YARIS,3,318584.1875,,-0.514777610078454
TOYOTA,YARIS,4,316944.1875,,2.9245488345623016
TOYOTA,YARIS,5,326213.375,,-5.664553493261337
TOYOTA,YARIS,6,307734.84375,,-10.970483720302582
TOYOTA,YARIS,7,273974.84375,,-3.3020365983247757
TOYOTA,YARIS,8,264928.09375,,2.9191529378294945
TOYOTA,YARIS,9,272661.75,,-22.474537789821625
TOYOTA,YARIS,10,211382.28125,,-16.117466986179352
TOYOTA,YARIS,11,177312.8125,,-5.914987996220589
TOYOTA,YARIS,12,166824.78125,,34.545013308525085
TOYOTA,YARIS,13,224454.421875,,11.6461843252182
TOYOTA,YARIS,14,250594.796875,,-57.65470266342163
TOYOTA,YARIS,17,106115.1015625,,
VOLKSWAGEN,CARAVELLE,7,1784807.5,,-1.0136106982827187
VOLKSWAGEN,CARAVELLE,8,1766716.5,,-5.883548781275749
VOLKSWAGEN,CARAVELLE,10,1662770.875,,-0.7171463221311569
VOLKSWAGEN,CARAVELLE,11,1650846.375,,0.6890934891998768
VOLKSWAGEN,CARAVELLE,12,1662222.25,,4.773406684398651
VOLKSWAGEN,CARAVELLE,13,1741566.875,,-4.729835689067841
VOLKSWAGEN,CARAVELLE,19,1659193.625,,
VOLVO,C30,13,964643.3125,,0.9615471586585045
VOLVO,C30,14,973918.8125,,0.0
VOLVO,C30,15,973918.8125,,0.0
VOLVO,C30,16,973918.8125,,-1.5267378650605679
VOLVO,C30,17,959049.625,,0.11461216490715742
VOLVO,C30,18,960148.8125,,
VOLVO,C70,15,1645910.0,,0.0
VOLVO,C70,16,1645910.0,,-1.1894028633832932
VOLVO,C70,17,1626333.5,,0.06757531664334238
VOLVO,C70,18,1627432.5,,
VOLVO,EX30,15,1645910.0,,0.0
VOLVO,EX30,16,1645910.0,,-1.1894028633832932
VOLVO,EX30,17,1626333.5,,0.06757531664334238
VOLVO,EX30,18,1627432.5,,
VOLVO,S40,13,1636634.625,,0.5667346064001322
VOLVO,S40,14,1645910.0,,0.0
VOLVO,S40,15,1645910.0,,0.0
VOLVO,S40,16,1645910.0,,
VOLVO,S60,3,1006755.625,,-1.1744161136448383
VOLVO,S60,4,994932.125,,0.0
VOLVO,S60,5,994932.125,,1.4536229893565178
VOLVO,S60,6,1009394.6875,,1.9804257899522781
VOLVO,S60,7,1029385.0,,0.18576019210740924
VOLVO,S60,8,1031297.1875,,-2.995220571756363
VOLVO,S60,9,1000407.5625,,0.0
VOLVO,S60,10,1000407.5625,,0.0
VOLVO,S60,11,1000407.5625,,-3.921414166688919
VOLVO,S60,12,961177.4375,,0.3605863777920604
VOLVO,S60,13,964643.3125,,
VOLVO,S80,9,867506.4375,,-14.10328894853592
VOLVO,S80,10,745159.5,,-5.335015431046486
VOLVO,S80,11,705405.125,,-9.835226088762283
VOLVO,S80,12,636026.9375,,3.5505570471286774
VOLVO,S80,13,658609.4375,,-5.094113573431969
VOLVO,S80,14,625059.125,,-7.62321874499321
VOLVO,S80,15,577409.5,,0.04003874200861901
VOLVO,S80,16,577640.6875,,-4.923237860202789
VOLVO,S80,17,549202.0625,,-6.086808070540428
VOLVO,S80,18,515773.1875,,
VOLVO,S90,3,1033599.4375,,0.5400242283940315
VOLVO,S90,4,1039181.125,,-1.0246469639241695
VOLVO,S90,5,1028533.1875,,-1.8197456374764442
VOLVO,S90,6,1009816.5,,-1.2992707081139088
VOLVO,S90,7,996696.25,,2.0980188623070717
VOLVO,S90,8,1017607.125,,-10.505522042512894
VOLVO,S90,9,910702.1875,,
VOLVO,V40,6,1009394.6875,,1.9804257899522781
VOLVO,V40,7,1029385.0,,0.18576019210740924
VOLVO,V40,8,1031297.1875,,-2.995220571756363
VOLVO,V40,9,1000407.5625,,0.0
VOLVO,V40,10,1000407.5625,,0.0
VOLVO,V40,11,1000407.5625,,-3.921414166688919
VOLVO,V40,12,961177.4375,,
VOLVO,V50,12,1633168.875,,0.21221013739705086
VOLVO,V50,13,1636634.625,,0.5667346064001322
VOLVO,V50,14,1645910.0,,0.0
VOLVO,V50,15,1645910.0,,0.0
VOLVO,V50,16,1645910.0,,
VOLVO,V60,3,921886.0625,,-0.8194545283913612
VOLVO,V60,4,914331.625,,1.423908956348896
VOLVO,V60,5,927350.875,,-2.6752684265375137
VOLVO,V60,6,902541.75,,-4.366203770041466
VOLVO,V60,7,863134.9375,,3.079899400472641
VOLVO,V60,8,889718.625,,-1.8857577815651894
VOLVO,V60,9,872940.6875,,-15.197223424911499
VOLVO,V60,10,740277.9375,,-3.6180246621370316
VOLVO,V60,11,713494.5,,-6.677311658859253
VOLVO,V60,12,665852.25,,-0.718496460467577
VOLVO,V60,13,661068.125,,
VOLVO,V70,16,1645910.0,,-1.1894028633832932
VOLVO,V70,17,1626333.5,,0.06757531664334238
VOLVO,V70,18,1627432.5,,
VOLVO,V90,6,1666672.0,,2.260027825832367
VOLVO,V90,7,1704339.25,,0.5208029877394438
VOLVO,V90,8,1713215.5,,
VOLVO,XC40,3,1053142.75,,0.3311042208224535
VOLVO,XC40,4,1056629.75,,-4.446673393249512
VOLVO,XC40,5,1009644.875,,-0.4053405486047268
VOLVO,XC40,6,1005552.375,,
VOLVO,XC60,3,869155.0625,,0.8885856717824936
VOLVO,XC60,4,876878.25,,1.3689186424016953
VOLVO,XC60,5,888882.0,,-1.1693903245031834
VOLVO,XC60,6,878487.5,,-1.6537798568606377
VOLVO,XC60,7,863959.25,,-1.766757294535637
VOLVO,XC60,8,848695.1875,,-6.039366498589516
VOLVO,XC60,9,797439.375,,-8.649905025959015
VOLVO,XC60,10,728461.625,,15.777100622653961
VOLVO,XC60,11,843391.75,,-5.7877980172634125
VOLVO,XC60,12,794577.9375,,8.78831371665001
VOLVO,XC60,13,864407.9375,,
VOLVO,XC90,3,1041945.6875,,0.582030089572072
VOLVO,XC90,4,1048010.125,,-3.795669600367546
VOLVO,XC90,5,1008231.125,,-2.8110990300774574
VOLVO,XC90,6,979888.75,,5.416475981473923
VOLVO,XC90,7,1032964.1875,,-6.1236754059791565
VOLVO,XC90,8,969708.8125,,-14.636319875717163
VOLVO,XC90,9,827779.125,,-5.35878911614418
VOLVO,XC90,10,783420.1875,,-5.779026821255684
VOLVO,XC90,11,738146.125,,-8.03244560956955
VOLVO,XC90,12,678854.9375,,3.377010300755501
VOLVO,XC90,13,701779.9375,,-5.447264760732651
VOLVO,XC90,15,663552.125,,
